-- 개정이력: 2026.06.17  구재호  전 DBMS TB_ 표준 명명 현행화
-- ============================================================
-- simple-homepage HSQL DDL
-- 테이블 명명규칙: TB_ + 기능명 (snake_case)
-- 감사 컬럼: FRST_REGIST_PNTTM, FRST_REGISTER_ID, LAST_UPDT_PNTTM, LAST_UPDUSR_ID
-- ============================================================

DROP TABLE IF EXISTS TB_FILE_DETAIL CASCADE;
DROP TABLE IF EXISTS TB_FILE CASCADE;
DROP TABLE IF EXISTS TB_SCHDUL_INFO CASCADE;
DROP TABLE IF EXISTS TB_EMPLYR_SCRTY_ESTBS CASCADE;
DROP TABLE IF EXISTS TB_GNRL_MBER CASCADE;
DROP TABLE IF EXISTS TB_ENTRPRS_MBER CASCADE;
DROP TABLE IF EXISTS TB_EMPLYR_INFO_CHNG_DTLS CASCADE;
DROP TABLE IF EXISTS TB_EMPLYR_INFO CASCADE;
DROP TABLE IF EXISTS TB_ORGNZT_INFO CASCADE;
DROP TABLE IF EXISTS TB_BBS_USE CASCADE;
DROP TABLE IF EXISTS TB_BBS_MASTER_OPTN CASCADE;
DROP TABLE IF EXISTS TB_BBS CASCADE;
DROP TABLE IF EXISTS TB_BBS_MASTER CASCADE;
DROP TABLE IF EXISTS TB_CMMN_DETAIL_CODE CASCADE;
DROP TABLE IF EXISTS TB_CMMN_CODE CASCADE;
DROP TABLE IF EXISTS TB_CMMN_CL_CODE CASCADE;
DROP TABLE IF EXISTS TB_AUTHOR_GROUP_INFO CASCADE;
DROP TABLE IF EXISTS TB_AUTHOR_INFO CASCADE;
DROP TABLE IF EXISTS IDS CASCADE;
DROP TABLE IF EXISTS COMTECOPSEQ CASCADE;

CREATE MEMORY TABLE IDS (TABLE_NAME VARCHAR(20) DEFAULT '' NOT NULL PRIMARY KEY, NEXT_ID NUMERIC(30) DEFAULT 0 NOT NULL);
CREATE MEMORY TABLE COMTECOPSEQ (TABLE_NAME VARCHAR(20) DEFAULT '' NOT NULL PRIMARY KEY, NEXT_ID NUMERIC(30) DEFAULT 0 NOT NULL);
CREATE MEMORY TABLE TB_CMMN_CL_CODE (CL_CODE CHAR(3) NOT NULL PRIMARY KEY, CL_CODE_NM VARCHAR(60), CL_CODE_DC VARCHAR(200), USE_AT CHAR(1), FRST_REGIST_PNTTM TIMESTAMP, FRST_REGISTER_ID VARCHAR(20), LAST_UPDT_PNTTM TIMESTAMP, LAST_UPDUSR_ID VARCHAR(20));
CREATE MEMORY TABLE TB_CMMN_CODE (CODE_ID VARCHAR(6) NOT NULL PRIMARY KEY, CODE_ID_NM VARCHAR(60), CODE_ID_DC VARCHAR(200), USE_AT CHAR(1), CL_CODE CHAR(3), FRST_REGIST_PNTTM TIMESTAMP, FRST_REGISTER_ID VARCHAR(20), LAST_UPDT_PNTTM TIMESTAMP, LAST_UPDUSR_ID VARCHAR(20), CONSTRAINT FK_CMMN_CODE_CL FOREIGN KEY (CL_CODE) REFERENCES TB_CMMN_CL_CODE(CL_CODE));
CREATE MEMORY TABLE TB_CMMN_DETAIL_CODE (CODE_ID VARCHAR(6) NOT NULL, CODE VARCHAR(15) NOT NULL, CODE_NM VARCHAR(60), CODE_DC VARCHAR(200), USE_AT CHAR(1), FRST_REGIST_PNTTM TIMESTAMP, FRST_REGISTER_ID VARCHAR(20), LAST_UPDT_PNTTM TIMESTAMP, LAST_UPDUSR_ID VARCHAR(20), PRIMARY KEY(CODE_ID, CODE), CONSTRAINT FK_CMMN_DTL_CODE FOREIGN KEY(CODE_ID) REFERENCES TB_CMMN_CODE(CODE_ID));
CREATE MEMORY TABLE TB_AUTHOR_INFO (AUTHOR_CODE VARCHAR(30) NOT NULL PRIMARY KEY, AUTHOR_NM VARCHAR(60) NOT NULL, AUTHOR_DC VARCHAR(200), AUTHOR_CREAT_DE CHAR(20) NOT NULL, FRST_REGIST_PNTTM TIMESTAMP, FRST_REGISTER_ID VARCHAR(20), LAST_UPDT_PNTTM TIMESTAMP, LAST_UPDUSR_ID VARCHAR(20));
CREATE MEMORY TABLE TB_AUTHOR_GROUP_INFO (GROUP_ID CHAR(20) DEFAULT '' NOT NULL PRIMARY KEY, GROUP_NM VARCHAR(60) NOT NULL, GROUP_CREAT_DE CHAR(20) NOT NULL, GROUP_DC VARCHAR(100), FRST_REGIST_PNTTM TIMESTAMP, FRST_REGISTER_ID VARCHAR(20), LAST_UPDT_PNTTM TIMESTAMP, LAST_UPDUSR_ID VARCHAR(20));
CREATE MEMORY TABLE TB_ORGNZT_INFO (ORGNZT_ID CHAR(20) DEFAULT '' NOT NULL PRIMARY KEY, ORGNZT_NM VARCHAR(20) NOT NULL, ORGNZT_DC VARCHAR(100), FRST_REGIST_PNTTM TIMESTAMP, FRST_REGISTER_ID VARCHAR(20), LAST_UPDT_PNTTM TIMESTAMP, LAST_UPDUSR_ID VARCHAR(20));
CREATE MEMORY TABLE TB_EMPLYR_INFO (EMPLYR_ID VARCHAR(20) NOT NULL PRIMARY KEY, ORGNZT_ID CHAR(20), USER_NM VARCHAR(60) NOT NULL, PASSWORD VARCHAR(200) NOT NULL, EMPL_NO VARCHAR(20), IHIDNUM VARCHAR(13), SEXDSTN_CODE CHAR(1), BRTHDY CHAR(20), FXNUM VARCHAR(20), HOUSE_ADRES VARCHAR(100), PASSWORD_HINT VARCHAR(100) NOT NULL, PASSWORD_CNSR VARCHAR(100) NOT NULL, HOUSE_END_TELNO VARCHAR(4), AREA_NO VARCHAR(4), DETAIL_ADRES VARCHAR(100), ZIP VARCHAR(6), OFFM_TELNO VARCHAR(20), MBTLNUM VARCHAR(20), EMAIL_ADRES VARCHAR(50), OFCPS_NM VARCHAR(60), HOUSE_MIDDLE_TELNO VARCHAR(4), GROUP_ID CHAR(20), PSTINST_CODE CHAR(8), EMPLYR_STTUS_CODE VARCHAR(15) NOT NULL, ESNTL_ID CHAR(20) NOT NULL, CRTFC_DN_VALUE VARCHAR(20), SBSCRB_DE TIMESTAMP, FRST_REGIST_PNTTM TIMESTAMP, FRST_REGISTER_ID VARCHAR(20), LAST_UPDT_PNTTM TIMESTAMP, LAST_UPDUSR_ID VARCHAR(20), CONSTRAINT FK_EMPLYR_GROUP FOREIGN KEY(GROUP_ID) REFERENCES TB_AUTHOR_GROUP_INFO(GROUP_ID) ON DELETE CASCADE);
ALTER TABLE TB_EMPLYR_INFO ADD CONSTRAINT FK_EMPLYR_ORGNZT FOREIGN KEY(ORGNZT_ID) REFERENCES TB_ORGNZT_INFO(ORGNZT_ID);
CREATE MEMORY TABLE TB_EMPLYR_INFO_CHNG_DTLS (EMPLYR_ID VARCHAR(20) NOT NULL, CHANGE_DE CHAR(20) NOT NULL, ORGNZT_ID CHAR(20), GROUP_ID CHAR(20), EMPL_NO VARCHAR(20) NOT NULL, SEXDSTN_CODE CHAR(1), BRTHDY CHAR(20), FXNUM VARCHAR(20), HOUSE_ADRES VARCHAR(100) NOT NULL, HOUSE_END_TELNO VARCHAR(4), AREA_NO VARCHAR(4), DETAIL_ADRES VARCHAR(100) NOT NULL, ZIP VARCHAR(6) NOT NULL, OFFM_TELNO VARCHAR(20), MBTLNUM VARCHAR(20) NOT NULL, EMAIL_ADRES VARCHAR(50), HOUSE_MIDDLE_TELNO VARCHAR(4), PSTINST_CODE CHAR(8), EMPLYR_STTUS_CODE VARCHAR(15) NOT NULL, ESNTL_ID CHAR(20), FRST_REGIST_PNTTM TIMESTAMP, FRST_REGISTER_ID VARCHAR(20), LAST_UPDT_PNTTM TIMESTAMP, LAST_UPDUSR_ID VARCHAR(20), PRIMARY KEY(EMPLYR_ID, CHANGE_DE), CONSTRAINT FK_CHNG_EMPLYR FOREIGN KEY(EMPLYR_ID) REFERENCES TB_EMPLYR_INFO(EMPLYR_ID));
CREATE MEMORY TABLE TB_EMPLYR_SCRTY_ESTBS (SCRTY_DTRMN_TRGET_ID VARCHAR(20) NOT NULL PRIMARY KEY, MBER_TY_CODE VARCHAR(15), AUTHOR_CODE VARCHAR(30) NOT NULL, FRST_REGIST_PNTTM TIMESTAMP, FRST_REGISTER_ID VARCHAR(20), LAST_UPDT_PNTTM TIMESTAMP, LAST_UPDUSR_ID VARCHAR(20), CONSTRAINT FK_SCRTY_AUTHOR FOREIGN KEY(AUTHOR_CODE) REFERENCES TB_AUTHOR_INFO(AUTHOR_CODE));
CREATE MEMORY TABLE TB_GNRL_MBER (MBER_ID VARCHAR(20) DEFAULT '' NOT NULL PRIMARY KEY, PASSWORD VARCHAR(200) NOT NULL, PASSWORD_HINT VARCHAR(100), PASSWORD_CNSR VARCHAR(100), IHIDNUM VARCHAR(13), MBER_NM VARCHAR(50) NOT NULL, ZIP VARCHAR(6), ADRES VARCHAR(100), AREA_NO VARCHAR(4), MBER_STTUS VARCHAR(15), DETAIL_ADRES VARCHAR(100), END_TELNO VARCHAR(4), MBTLNUM VARCHAR(20), GROUP_ID CHAR(20), MBER_FXNUM VARCHAR(20), MBER_EMAIL_ADRES VARCHAR(50), MIDDLE_TELNO VARCHAR(4), SBSCRB_DE TIMESTAMP, SEXDSTN_CODE CHAR(1), ESNTL_ID CHAR(20) NOT NULL, FRST_REGIST_PNTTM TIMESTAMP, FRST_REGISTER_ID VARCHAR(20), LAST_UPDT_PNTTM TIMESTAMP, LAST_UPDUSR_ID VARCHAR(20), CONSTRAINT FK_GNRL_GROUP FOREIGN KEY(GROUP_ID) REFERENCES TB_AUTHOR_GROUP_INFO(GROUP_ID) ON DELETE CASCADE);
CREATE MEMORY TABLE TB_ENTRPRS_MBER (ENTRPRS_MBER_ID VARCHAR(20) DEFAULT '' NOT NULL PRIMARY KEY, ENTRPRS_SE_CODE CHAR(15), BIZRNO VARCHAR(10), JURIRNO VARCHAR(13), CMPNY_NM VARCHAR(60) NOT NULL, CXFC VARCHAR(50), ZIP VARCHAR(6), ADRES VARCHAR(100), ENTRPRS_MIDDLE_TELNO VARCHAR(4), FXNUM VARCHAR(20), INDUTY_CODE CHAR(15), APPLCNT_NM VARCHAR(50) NOT NULL, APPLCNT_IHIDNUM VARCHAR(13), SBSCRB_DE TIMESTAMP, ENTRPRS_MBER_STTUS VARCHAR(15), ENTRPRS_MBER_PASSWORD VARCHAR(200), ENTRPRS_MBER_PASSWORD_HINT VARCHAR(100) NOT NULL, ENTRPRS_MBER_PASSWORD_CNSR VARCHAR(100) NOT NULL, GROUP_ID CHAR(20), DETAIL_ADRES VARCHAR(100), ENTRPRS_END_TELNO VARCHAR(4), AREA_NO VARCHAR(4), APPLCNT_EMAIL_ADRES VARCHAR(50), ESNTL_ID CHAR(20) NOT NULL, FRST_REGIST_PNTTM TIMESTAMP, FRST_REGISTER_ID VARCHAR(20), LAST_UPDT_PNTTM TIMESTAMP, LAST_UPDUSR_ID VARCHAR(20), CONSTRAINT FK_ENTRPRS_GROUP FOREIGN KEY(GROUP_ID) REFERENCES TB_AUTHOR_GROUP_INFO(GROUP_ID) ON DELETE CASCADE);
ALTER TABLE TB_EMPLYR_SCRTY_ESTBS ADD CONSTRAINT FK_SCRTY_EMPLYR FOREIGN KEY(SCRTY_DTRMN_TRGET_ID) REFERENCES TB_EMPLYR_INFO(EMPLYR_ID);
ALTER TABLE TB_EMPLYR_SCRTY_ESTBS ADD CONSTRAINT FK_SCRTY_ENTRPRS FOREIGN KEY(SCRTY_DTRMN_TRGET_ID) REFERENCES TB_ENTRPRS_MBER(ENTRPRS_MBER_ID);
ALTER TABLE TB_EMPLYR_SCRTY_ESTBS ADD CONSTRAINT FK_SCRTY_GNRL FOREIGN KEY(SCRTY_DTRMN_TRGET_ID) REFERENCES TB_GNRL_MBER(MBER_ID);
CREATE MEMORY TABLE TB_BBS_MASTER (BBS_ID CHAR(20) NOT NULL PRIMARY KEY, BBS_NM VARCHAR(255) NOT NULL, BBS_INTRCN VARCHAR(2400), BBS_TY_CODE CHAR(6) NOT NULL, BBS_ATTRB_CODE CHAR(6) NOT NULL, REPLY_POSBL_AT CHAR(1), FILE_ATCH_POSBL_AT CHAR(1) NOT NULL, ATCH_POSBL_FILE_NUMBER NUMERIC(2) NOT NULL, ATCH_POSBL_FILE_SIZE NUMERIC(8), USE_AT CHAR(1) NOT NULL, TMPLAT_ID CHAR(20), FRST_REGIST_PNTTM TIMESTAMP NOT NULL, FRST_REGISTER_ID VARCHAR(20) NOT NULL, LAST_UPDT_PNTTM TIMESTAMP, LAST_UPDUSR_ID VARCHAR(20));
CREATE MEMORY TABLE TB_BBS_MASTER_OPTN (BBS_ID CHAR(20) DEFAULT '' NOT NULL PRIMARY KEY, ANSWER_AT CHAR(1) DEFAULT '' NOT NULL, STSFDG_AT CHAR(1) DEFAULT '' NOT NULL, FRST_REGIST_PNTTM TIMESTAMP DEFAULT '1970-01-01 00:00:00.0' NOT NULL, FRST_REGISTER_ID VARCHAR(20) DEFAULT '' NOT NULL, LAST_UPDT_PNTTM TIMESTAMP, LAST_UPDUSR_ID VARCHAR(20));
CREATE MEMORY TABLE TB_BBS_USE (BBS_ID CHAR(20) NOT NULL, TRGET_ID CHAR(20) DEFAULT '' NOT NULL, USE_AT CHAR(1) NOT NULL, REGIST_SE_CODE CHAR(6), FRST_REGIST_PNTTM TIMESTAMP, FRST_REGISTER_ID VARCHAR(20) NOT NULL, LAST_UPDT_PNTTM TIMESTAMP, LAST_UPDUSR_ID VARCHAR(20), PRIMARY KEY(BBS_ID, TRGET_ID), CONSTRAINT FK_BBS_USE_MASTER FOREIGN KEY(BBS_ID) REFERENCES TB_BBS_MASTER(BBS_ID));
CREATE MEMORY TABLE TB_BBS (NTT_ID NUMERIC(20) NOT NULL, BBS_ID CHAR(20) NOT NULL, NTT_NO NUMERIC(20), NTT_SJ VARCHAR(2000), NTT_CN LONGVARCHAR, ANSWER_AT CHAR(1), PARNTSCTT_NO NUMERIC(10), ANSWER_LC INTEGER, SORT_ORDR NUMERIC(8), RDCNT NUMERIC(10), USE_AT CHAR(1) NOT NULL, NTCE_BGNDE CHAR(20), NTCE_ENDDE CHAR(20), NTCR_ID VARCHAR(20), NTCR_NM VARCHAR(20), PASSWORD VARCHAR(200), ATCH_FILE_ID CHAR(20), FRST_REGIST_PNTTM TIMESTAMP NOT NULL, FRST_REGISTER_ID VARCHAR(20) NOT NULL, LAST_UPDT_PNTTM TIMESTAMP, LAST_UPDUSR_ID VARCHAR(20), PRIMARY KEY(NTT_ID, BBS_ID), CONSTRAINT FK_BBS_MASTER FOREIGN KEY(BBS_ID) REFERENCES TB_BBS_MASTER(BBS_ID));
CREATE MEMORY TABLE TB_FILE (ATCH_FILE_ID CHAR(20) NOT NULL PRIMARY KEY, CREAT_DT TIMESTAMP NOT NULL, USE_AT CHAR(1), FRST_REGIST_PNTTM TIMESTAMP, FRST_REGISTER_ID VARCHAR(20), LAST_UPDT_PNTTM TIMESTAMP, LAST_UPDUSR_ID VARCHAR(20));
CREATE MEMORY TABLE TB_FILE_DETAIL (ATCH_FILE_ID CHAR(20) NOT NULL, FILE_SN NUMERIC(10) NOT NULL, FILE_STRE_COURS VARCHAR(2000) NOT NULL, STRE_FILE_NM VARCHAR(255) NOT NULL, ORIGNL_FILE_NM VARCHAR(255), FILE_EXTSN VARCHAR(20) NOT NULL, FILE_CN LONGVARCHAR, FILE_SIZE NUMERIC(8), FRST_REGIST_PNTTM TIMESTAMP, FRST_REGISTER_ID VARCHAR(20), LAST_UPDT_PNTTM TIMESTAMP, LAST_UPDUSR_ID VARCHAR(20), PRIMARY KEY(ATCH_FILE_ID, FILE_SN), CONSTRAINT FK_FILE_DETAIL FOREIGN KEY(ATCH_FILE_ID) REFERENCES TB_FILE(ATCH_FILE_ID));
CREATE MEMORY TABLE TB_SCHDUL_INFO (SCHDUL_ID CHAR(20) NOT NULL PRIMARY KEY, SCHDUL_SE CHAR(1), SCHDUL_DEPT_ID VARCHAR(20), SCHDUL_KND_CODE VARCHAR(20), SCHDUL_BEGINDE TIMESTAMP, SCHDUL_ENDDE TIMESTAMP, SCHDUL_NM VARCHAR(255), SCHDUL_CN VARCHAR(2500), SCHDUL_PLACE VARCHAR(255), SCHDUL_IPCR_CODE CHAR(1), SCHDUL_CHARGER_ID VARCHAR(20), ATCH_FILE_ID CHAR(20), REPTIT_SE_CODE CHAR(3), FRST_REGIST_PNTTM TIMESTAMP, FRST_REGISTER_ID VARCHAR(20), LAST_UPDT_PNTTM TIMESTAMP, LAST_UPDUSR_ID VARCHAR(20));
CREATE MEMORY TABLE TB_RESTDE (RESTDE_NO NUMERIC(20) NOT NULL PRIMARY KEY, RESTDE_DE CHAR(8) NOT NULL, RESTDE_NM VARCHAR(100) NOT NULL, RESTDE_DC VARCHAR(200), RESTDE_SE_CODE CHAR(6), FRST_REGIST_PNTTM TIMESTAMP, FRST_REGISTER_ID VARCHAR(20), LAST_UPDT_PNTTM TIMESTAMP, LAST_UPDUSR_ID VARCHAR(20));
CREATE VIEW VW_USER_MASTER (ESNTL_ID, USER_ID, PASSWORD, USER_NM, USER_ZIP, USER_ADRES, USER_EMAIL, GROUP_ID, USER_SE, ORGNZT_ID) AS SELECT ESNTL_ID, MBER_ID, PASSWORD, MBER_NM, ZIP, ADRES, MBER_EMAIL_ADRES, ' ', 'GNR', ' ' FROM TB_GNRL_MBER UNION ALL SELECT ESNTL_ID, EMPLYR_ID, PASSWORD, USER_NM, ZIP, HOUSE_ADRES, EMAIL_ADRES, GROUP_ID, 'USR', ORGNZT_ID FROM TB_EMPLYR_INFO UNION ALL SELECT ESNTL_ID, ENTRPRS_MBER_ID, ENTRPRS_MBER_PASSWORD, CMPNY_NM, ZIP, ADRES, APPLCNT_EMAIL_ADRES, ' ', 'ENT', ' ' FROM TB_ENTRPRS_MBER;

SET WRITE_DELAY 20;
SET SCHEMA PUBLIC;

INSERT INTO IDS VALUES ('BBS_ID', 1);
INSERT INTO IDS VALUES ('FILE_ID', 1);
INSERT INTO IDS VALUES ('SAMPLE', 1);
INSERT INTO IDS VALUES ('SCHDUL_ID', 1);
INSERT INTO IDS VALUES ('TMPLAT_ID', 1);
INSERT INTO COMTECOPSEQ VALUES ('USRCNFRM_ID', 20);

INSERT INTO TB_CMMN_CL_CODE VALUES ('LET', '전자정부 프레임워크 경량환경 템플릿', '전자정부 프레임워크 경량환경 템플릿', 'Y', '2011-08-31 00:00:00.000000000', 'SYSTEM', '2011-08-31 00:00:00.000000000', 'SYSTEM');
INSERT INTO TB_CMMN_CODE VALUES ('COM001', '등록구분', '게시판, 커뮤니티, 동호회 등록구분코드', 'Y', 'LET', '2011-08-31 00:00:00.000000000', 'SYSTEM', '2011-08-31 00:00:00.000000000', 'SYSTEM');
INSERT INTO TB_CMMN_CODE VALUES ('COM003', '업무구분', '업무구분코드', 'Y', 'LET', '2011-08-31 00:00:00.000000000', 'SYSTEM', '2011-08-31 00:00:00.000000000', 'SYSTEM');
INSERT INTO TB_CMMN_CODE VALUES ('COM004', '게시판유형', '게시판유형구분코드', 'Y', 'LET', '2011-08-31 00:00:00.000000000', 'SYSTEM', '2011-08-31 00:00:00.000000000', 'SYSTEM');
INSERT INTO TB_CMMN_CODE VALUES ('COM005', '템플릿유형', '템플릿유형구분코드', 'Y', 'LET', '2011-08-31 00:00:00.000000000', 'SYSTEM', '2011-08-31 00:00:00.000000000', 'SYSTEM');
INSERT INTO TB_CMMN_CODE VALUES ('COM009', '게시판속성', '게시판 속성', 'Y', 'LET', '2011-08-31 00:00:00.000000000', 'SYSTEM', '2011-08-31 00:00:00.000000000', 'SYSTEM');
INSERT INTO TB_CMMN_CODE VALUES ('COM019', '일정중요도', '일정중요도 낮음/보통/높음 상태구분', 'Y', 'LET', '2011-08-31 00:00:00.000000000', 'SYSTEM', '2011-08-31 00:00:00.000000000', 'SYSTEM');
INSERT INTO TB_CMMN_CODE VALUES ('COM030', '일정구분', '일정구분 코드', 'Y', 'LET', '2011-08-31 00:00:00.000000000', 'SYSTEM', '2011-08-31 00:00:00.000000000', 'SYSTEM');
INSERT INTO TB_CMMN_CODE VALUES ('COM031', '반복구분', '일정 반복구분 코드', 'Y', 'LET', '2011-08-31 00:00:00.000000000', 'SYSTEM', '2011-08-31 00:00:00.000000000', 'SYSTEM');
INSERT INTO TB_CMMN_CODE VALUES ('COM017', '휴일구분', '휴일구분 코드', 'Y', 'LET', '2011-08-31 00:00:00.000000000', 'SYSTEM', '2011-08-31 00:00:00.000000000', 'SYSTEM');
INSERT INTO TB_CMMN_DETAIL_CODE VALUES ('COM001', 'REGC01', '단일 게시판 이용등록', '단일 게시판 이용등록', 'Y', '2011-08-31 00:00:00.000000000', 'SYSTEM', '2011-08-31 00:00:00.000000000', 'SYSTEM');
INSERT INTO TB_CMMN_DETAIL_CODE VALUES ('COM001', 'REGC07', '게시판사용자등록', '게시판사용자등록', 'Y', '2011-08-31 00:00:00.000000000', 'SYSTEM', '2011-08-31 00:00:00.000000000', 'SYSTEM');
INSERT INTO TB_CMMN_DETAIL_CODE VALUES ('COM003', 'BBS', '게시판', '게시판', 'Y', '2011-08-31 00:00:00.000000000', 'SYSTEM', '2011-08-31 00:00:00.000000000', 'SYSTEM');
INSERT INTO TB_CMMN_DETAIL_CODE VALUES ('COM004', 'BBST01', '일반게시판', '일반게시판', 'Y', '2011-08-31 00:00:00.000000000', 'SYSTEM', '2011-08-31 00:00:00.000000000', 'SYSTEM');
INSERT INTO TB_CMMN_DETAIL_CODE VALUES ('COM004', 'BBST02', '익명게시판', '익명게시판', 'Y', '2011-08-31 00:00:00.000000000', 'SYSTEM', '2011-08-31 00:00:00.000000000', 'SYSTEM');
INSERT INTO TB_CMMN_DETAIL_CODE VALUES ('COM004', 'BBST03', '공지게시판', '공지게시판', 'Y', '2011-08-31 00:00:00.000000000', 'SYSTEM', '2011-08-31 00:00:00.000000000', 'SYSTEM');
INSERT INTO TB_CMMN_DETAIL_CODE VALUES ('COM004', 'BBST04', '방명록', '방명록', 'Y', '2011-08-31 00:00:00.000000000', 'SYSTEM', '2011-08-31 00:00:00.000000000', 'SYSTEM');
INSERT INTO TB_CMMN_DETAIL_CODE VALUES ('COM005', 'TMPT01', '게시판템플릿', '게시판템플릿', 'Y', '2011-08-31 00:00:00.000000000', 'SYSTEM', '2011-08-31 00:00:00.000000000', 'SYSTEM');
INSERT INTO TB_CMMN_DETAIL_CODE VALUES ('COM009', 'BBSA01', '유효게시판', '유효게시판', 'Y', '2011-08-31 00:00:00.000000000', 'SYSTEM', '2011-08-31 00:00:00.000000000', 'SYSTEM');
INSERT INTO TB_CMMN_DETAIL_CODE VALUES ('COM009', 'BBSA02', '갤러리', '갤러리', 'Y', '2011-08-31 00:00:00.000000000', 'SYSTEM', '2011-08-31 00:00:00.000000000', 'SYSTEM');
INSERT INTO TB_CMMN_DETAIL_CODE VALUES ('COM009', 'BBSA03', '일반게시판', '일반게시판', 'Y', '2011-08-31 00:00:00.000000000', 'SYSTEM', '2011-08-31 00:00:00.000000000', 'SYSTEM');
INSERT INTO TB_CMMN_DETAIL_CODE VALUES ('COM019', 'A', '높음', '높음', 'Y', '2011-08-31 00:00:00.000000000', 'SYSTEM', '2011-08-31 00:00:00.000000000', 'SYSTEM');
INSERT INTO TB_CMMN_DETAIL_CODE VALUES ('COM019', 'B', '보통', '보통', 'Y', '2011-08-31 00:00:00.000000000', 'SYSTEM', '2011-08-31 00:00:00.000000000', 'SYSTEM');
INSERT INTO TB_CMMN_DETAIL_CODE VALUES ('COM019', 'C', '낮음', '낮음', 'Y', '2011-08-31 00:00:00.000000000', 'SYSTEM', '2011-08-31 00:00:00.000000000', 'SYSTEM');
INSERT INTO TB_CMMN_DETAIL_CODE VALUES ('COM030', '1', '회의', '회의', 'Y', '2011-08-31 00:00:00.000000000', 'SYSTEM', '2011-08-31 00:00:00.000000000', 'SYSTEM');
INSERT INTO TB_CMMN_DETAIL_CODE VALUES ('COM030', '2', '세미나', '세미나', 'Y', '2011-08-31 00:00:00.000000000', 'SYSTEM', '2011-08-31 00:00:00.000000000', 'SYSTEM');
INSERT INTO TB_CMMN_DETAIL_CODE VALUES ('COM030', '3', '강의', '강의', 'Y', '2011-08-31 00:00:00.000000000', 'SYSTEM', '2011-08-31 00:00:00.000000000', 'SYSTEM');
INSERT INTO TB_CMMN_DETAIL_CODE VALUES ('COM030', '4', '교육', '교육', 'Y', '2011-08-31 00:00:00.000000000', 'SYSTEM', '2011-08-31 00:00:00.000000000', 'SYSTEM');
INSERT INTO TB_CMMN_DETAIL_CODE VALUES ('COM030', '5', '기타', '기타', 'Y', '2011-08-31 00:00:00.000000000', 'SYSTEM', '2011-08-31 00:00:00.000000000', 'SYSTEM');
INSERT INTO TB_CMMN_DETAIL_CODE VALUES ('COM031', '1', '당일', '당일', 'Y', '2011-08-31 00:00:00.000000000', 'SYSTEM', '2011-08-31 00:00:00.000000000', 'SYSTEM');
INSERT INTO TB_CMMN_DETAIL_CODE VALUES ('COM031', '2', '반복', '반복', 'Y', '2011-08-31 00:00:00.000000000', 'SYSTEM', '2011-08-31 00:00:00.000000000', 'SYSTEM');
INSERT INTO TB_CMMN_DETAIL_CODE VALUES ('COM031', '3', '연속', '연속', 'Y', '2011-08-31 00:00:00.000000000', 'SYSTEM', '2011-08-31 00:00:00.000000000', 'SYSTEM');
INSERT INTO TB_CMMN_DETAIL_CODE VALUES ('COM031', '4', '요일반복', '요일반복', 'Y', '2011-08-31 00:00:00.000000000', 'SYSTEM', '2011-08-31 00:00:00.000000000', 'SYSTEM');
INSERT INTO TB_CMMN_DETAIL_CODE VALUES ('COM017', 'RES001', '국경일', '국경일', 'Y', '2011-08-31 00:00:00.000000000', 'SYSTEM', '2011-08-31 00:00:00.000000000', 'SYSTEM');
INSERT INTO TB_CMMN_DETAIL_CODE VALUES ('COM017', 'RES002', '공휴일', '공휴일', 'Y', '2011-08-31 00:00:00.000000000', 'SYSTEM', '2011-08-31 00:00:00.000000000', 'SYSTEM');
INSERT INTO TB_CMMN_DETAIL_CODE VALUES ('COM017', 'RES003', '기념일', '기념일', 'Y', '2011-08-31 00:00:00.000000000', 'SYSTEM', '2011-08-31 00:00:00.000000000', 'SYSTEM');

INSERT INTO TB_RESTDE (RESTDE_NO, RESTDE_DE, RESTDE_NM, RESTDE_DC, RESTDE_SE_CODE, FRST_REGIST_PNTTM, FRST_REGISTER_ID, LAST_UPDT_PNTTM, LAST_UPDUSR_ID) VALUES (1, '20260101', '신정', '새해 첫날', 'RES002', '2026-01-01 00:00:00.000000000', 'SYSTEM', NULL, NULL);
INSERT INTO TB_RESTDE (RESTDE_NO, RESTDE_DE, RESTDE_NM, RESTDE_DC, RESTDE_SE_CODE, FRST_REGIST_PNTTM, FRST_REGISTER_ID, LAST_UPDT_PNTTM, LAST_UPDUSR_ID) VALUES (2, '20260301', '삼일절', '3.1절', 'RES001', '2026-01-01 00:00:00.000000000', 'SYSTEM', NULL, NULL);
INSERT INTO TB_RESTDE (RESTDE_NO, RESTDE_DE, RESTDE_NM, RESTDE_DC, RESTDE_SE_CODE, FRST_REGIST_PNTTM, FRST_REGISTER_ID, LAST_UPDT_PNTTM, LAST_UPDUSR_ID) VALUES (3, '20260505', '어린이날', '어린이날', 'RES002', '2026-01-01 00:00:00.000000000', 'SYSTEM', NULL, NULL);
INSERT INTO TB_RESTDE (RESTDE_NO, RESTDE_DE, RESTDE_NM, RESTDE_DC, RESTDE_SE_CODE, FRST_REGIST_PNTTM, FRST_REGISTER_ID, LAST_UPDT_PNTTM, LAST_UPDUSR_ID) VALUES (4, '20260606', '현충일', '현충일', 'RES003', '2026-01-01 00:00:00.000000000', 'SYSTEM', NULL, NULL);
INSERT INTO TB_RESTDE (RESTDE_NO, RESTDE_DE, RESTDE_NM, RESTDE_DC, RESTDE_SE_CODE, FRST_REGIST_PNTTM, FRST_REGISTER_ID, LAST_UPDT_PNTTM, LAST_UPDUSR_ID) VALUES (5, '20260815', '광복절', '광복절', 'RES001', '2026-01-01 00:00:00.000000000', 'SYSTEM', NULL, NULL);

INSERT INTO TB_ORGNZT_INFO (ORGNZT_ID, ORGNZT_NM, ORGNZT_DC, FRST_REGIST_PNTTM, FRST_REGISTER_ID, LAST_UPDT_PNTTM, LAST_UPDUSR_ID) VALUES ('ORGNZT_0000000000000', '기본조직', '기본조직', '2011-08-31 00:00:00.000000000', 'SYSTEM', '2011-08-31 00:00:00.000000000', 'SYSTEM');
INSERT INTO TB_AUTHOR_GROUP_INFO (GROUP_ID, GROUP_NM, GROUP_CREAT_DE, GROUP_DC, FRST_REGIST_PNTTM, FRST_REGISTER_ID, LAST_UPDT_PNTTM, LAST_UPDUSR_ID) VALUES ('GROUP_00000000000000', 'ROLE_ADMIN', '2024-07-31', '관리자 그룹입니다', '2024-07-31 00:00:00.000000000', 'SYSTEM', '2024-07-31 00:00:00.000000000', 'SYSTEM');
INSERT INTO TB_AUTHOR_GROUP_INFO (GROUP_ID, GROUP_NM, GROUP_CREAT_DE, GROUP_DC, FRST_REGIST_PNTTM, FRST_REGISTER_ID, LAST_UPDT_PNTTM, LAST_UPDUSR_ID) VALUES ('GROUP_00000000000001', 'ROLE_USER', '2024-07-31', '사용자 그룹입니다', '2024-07-31 00:00:00.000000000', 'SYSTEM', '2024-07-31 00:00:00.000000000', 'SYSTEM');

INSERT INTO TB_EMPLYR_INFO (EMPLYR_ID, ORGNZT_ID, USER_NM, PASSWORD, EMPL_NO, IHIDNUM, SEXDSTN_CODE, BRTHDY, FXNUM, HOUSE_ADRES, PASSWORD_HINT, PASSWORD_CNSR, HOUSE_END_TELNO, AREA_NO, DETAIL_ADRES, ZIP, OFFM_TELNO, MBTLNUM, EMAIL_ADRES, OFCPS_NM, HOUSE_MIDDLE_TELNO, GROUP_ID, PSTINST_CODE, EMPLYR_STTUS_CODE, ESNTL_ID, CRTFC_DN_VALUE, SBSCRB_DE, FRST_REGIST_PNTTM, FRST_REGISTER_ID, LAST_UPDT_PNTTM, LAST_UPDUSR_ID) VALUES ('admin', 'ORGNZT_0000000000000', '관리자', 'JfQ7FIatlaE5jj7rPYO8QBABX8yb7bNbQy4AKY1QIfc=', '', '', 'F', '', '', '관리자 주소', '', '', '', '', '', '', '', '', '', '', '', 'GROUP_00000000000000', '00000000', 'P', 'USRCNFRM_00000000000', '', '2011-08-31 00:00:00.000000000', '2011-08-31 00:00:00.000000000', 'SYSTEM', '2011-08-31 00:00:00.000000000', 'SYSTEM');
INSERT INTO TB_EMPLYR_INFO (EMPLYR_ID, ORGNZT_ID, USER_NM, PASSWORD, EMPL_NO, IHIDNUM, SEXDSTN_CODE, BRTHDY, FXNUM, HOUSE_ADRES, PASSWORD_HINT, PASSWORD_CNSR, HOUSE_END_TELNO, AREA_NO, DETAIL_ADRES, ZIP, OFFM_TELNO, MBTLNUM, EMAIL_ADRES, OFCPS_NM, HOUSE_MIDDLE_TELNO, GROUP_ID, PSTINST_CODE, EMPLYR_STTUS_CODE, ESNTL_ID, CRTFC_DN_VALUE, SBSCRB_DE, FRST_REGIST_PNTTM, FRST_REGISTER_ID, LAST_UPDT_PNTTM, LAST_UPDUSR_ID) VALUES ('user', 'ORGNZT_0000000000000', '사용자', 'CgQblGLKpKMbrDVn4Lbm/ZEAeH2yq0M9lvbReMq/zpA=', '', '', 'F', '', '', '사용자 주소', '', '', '', '', '', '', '', '', '', '', '', 'GROUP_00000000000001', '00000000', 'P', 'USRCNFRM_00000000001', '', '2011-08-31 00:00:00.000000000', '2011-08-31 00:00:00.000000000', 'SYSTEM', '2011-08-31 00:00:00.000000000', 'SYSTEM');

INSERT INTO TB_BBS_MASTER VALUES ('BBSMSTR_AAAAAAAAAAAA', '공지사항', '공지사항게시판', 'BBST03', 'BBSA03', 'Y', 'Y', 2, 5242880, 'Y', 'TMPLAT_BOARD_DEFAULT', '2011-08-31 12:00:00.000000000', 'USRCNFRM_00000000000', '2011-08-31 12:00:00.000000000', 'USRCNFRM_00000000000');
INSERT INTO TB_BBS_MASTER VALUES ('BBSMSTR_BBBBBBBBBBBB', '갤러리', '갤러리게시판', 'BBST01', 'BBSA02', 'Y', 'Y', 2, 5242880, 'Y', 'TMPLAT_BOARD_DEFAULT', '2011-08-31 12:00:00.000000000', 'USRCNFRM_00000000000', '2011-08-31 12:00:00.000000000', 'USRCNFRM_00000000000');
INSERT INTO TB_BBS_MASTER VALUES ('BBSMSTR_CCCCCCCCCCCC', '자료실', '자료실게시판', 'BBST01', 'BBSA03', 'Y', 'Y', 2, 5242880, 'Y', 'TMPLAT_BOARD_DEFAULT', '2011-08-31 12:00:00.000000000', 'USRCNFRM_00000000000', '2011-08-31 12:00:00.000000000', 'USRCNFRM_00000000000');

INSERT INTO TB_BBS_USE VALUES ('BBSMSTR_AAAAAAAAAAAA', 'SYSTEM_DEFAULT_BOARD', 'Y', 'REGC01', '2011-08-31 12:00:00.000000000', 'USRCNFRM_00000000000', '2011-08-31 12:00:00.000000000', 'USRCNFRM_00000000000');
INSERT INTO TB_BBS_USE VALUES ('BBSMSTR_BBBBBBBBBBBB', 'SYSTEM_DEFAULT_BOARD', 'Y', 'REGC01', '2011-08-31 12:00:00.000000000', 'USRCNFRM_00000000000', '2011-08-31 12:00:00.000000000', 'USRCNFRM_00000000000');
INSERT INTO TB_BBS_USE VALUES ('BBSMSTR_CCCCCCCCCCCC', 'SYSTEM_DEFAULT_BOARD', 'Y', 'REGC01', '2011-08-31 12:00:00.000000000', 'USRCNFRM_00000000000', '2011-08-31 12:00:00.000000000', 'USRCNFRM_00000000000');

INSERT INTO TB_BBS (NTT_ID, BBS_ID, NTT_NO, NTT_SJ, NTT_CN, ANSWER_AT, PARNTSCTT_NO, ANSWER_LC, SORT_ORDR, RDCNT, USE_AT, NTCE_BGNDE, NTCE_ENDDE, NTCR_ID, NTCR_NM, PASSWORD, ATCH_FILE_ID, FRST_REGIST_PNTTM, FRST_REGISTER_ID, LAST_UPDT_PNTTM, LAST_UPDUSR_ID) VALUES (1, 'BBSMSTR_AAAAAAAAAAAA', 1, '홈페이지 샘플공지1', '홈페이지 샘플공지1', 'N', 0, 0, 2, 0, 'Y', '10000101', '99991231', '', '', '', null, '2011-08-31 12:00:00.000000000', 'USRCNFRM_00000000000', null, null);
INSERT INTO TB_BBS (NTT_ID, BBS_ID, NTT_NO, NTT_SJ, NTT_CN, ANSWER_AT, PARNTSCTT_NO, ANSWER_LC, SORT_ORDR, RDCNT, USE_AT, NTCE_BGNDE, NTCE_ENDDE, NTCR_ID, NTCR_NM, PASSWORD, ATCH_FILE_ID, FRST_REGIST_PNTTM, FRST_REGISTER_ID, LAST_UPDT_PNTTM, LAST_UPDUSR_ID) VALUES (2, 'BBSMSTR_AAAAAAAAAAAA', 2, '홈페이지 샘플공지2', '홈페이지 샘플공지2', 'N', 0, 0, 2, 0, 'Y', '10000101', '99991231', '', '', '', null, '2011-08-31 12:00:00.000000000', 'USRCNFRM_00000000000', null, null);
INSERT INTO TB_BBS (NTT_ID, BBS_ID, NTT_NO, NTT_SJ, NTT_CN, ANSWER_AT, PARNTSCTT_NO, ANSWER_LC, SORT_ORDR, RDCNT, USE_AT, NTCE_BGNDE, NTCE_ENDDE, NTCR_ID, NTCR_NM, PASSWORD, ATCH_FILE_ID, FRST_REGIST_PNTTM, FRST_REGISTER_ID, LAST_UPDT_PNTTM, LAST_UPDUSR_ID) VALUES (3, 'BBSMSTR_AAAAAAAAAAAA', 3, '홈페이지 샘플공지3', '홈페이지 샘플공지3', 'N', 0, 0, 2, 0, 'Y', '10000101', '99991231', '', '', '', null, '2011-08-31 12:00:00.000000000', 'USRCNFRM_00000000000', null, null);
INSERT INTO TB_BBS (NTT_ID, BBS_ID, NTT_NO, NTT_SJ, NTT_CN, ANSWER_AT, PARNTSCTT_NO, ANSWER_LC, SORT_ORDR, RDCNT, USE_AT, NTCE_BGNDE, NTCE_ENDDE, NTCR_ID, NTCR_NM, PASSWORD, ATCH_FILE_ID, FRST_REGIST_PNTTM, FRST_REGISTER_ID, LAST_UPDT_PNTTM, LAST_UPDUSR_ID) VALUES (4, 'BBSMSTR_AAAAAAAAAAAA', 4, '홈페이지 샘플공지4', '홈페이지 샘플공지4', 'N', 0, 0, 2, 0, 'Y', '10000101', '99991231', '', '', '', null, '2011-08-31 12:00:00.000000000', 'USRCNFRM_00000000000', null, null);
INSERT INTO TB_BBS (NTT_ID, BBS_ID, NTT_NO, NTT_SJ, NTT_CN, ANSWER_AT, PARNTSCTT_NO, ANSWER_LC, SORT_ORDR, RDCNT, USE_AT, NTCE_BGNDE, NTCE_ENDDE, NTCR_ID, NTCR_NM, PASSWORD, ATCH_FILE_ID, FRST_REGIST_PNTTM, FRST_REGISTER_ID, LAST_UPDT_PNTTM, LAST_UPDUSR_ID) VALUES (5, 'BBSMSTR_AAAAAAAAAAAA', 5, '홈페이지 샘플공지5', '홈페이지 샘플공지5', 'N', 0, 0, 2, 0, 'Y', '10000101', '99991231', '', '', '', null, '2011-08-31 12:00:00.000000000', 'USRCNFRM_00000000000', null, null);
INSERT INTO TB_BBS (NTT_ID, BBS_ID, NTT_NO, NTT_SJ, NTT_CN, ANSWER_AT, PARNTSCTT_NO, ANSWER_LC, SORT_ORDR, RDCNT, USE_AT, NTCE_BGNDE, NTCE_ENDDE, NTCR_ID, NTCR_NM, PASSWORD, ATCH_FILE_ID, FRST_REGIST_PNTTM, FRST_REGISTER_ID, LAST_UPDT_PNTTM, LAST_UPDUSR_ID) VALUES (6, 'BBSMSTR_BBBBBBBBBBBB', 1, '홈페이지 샘플게시1', '홈페이지 샘플게시1', 'N', 0, 0, 2, 0, 'Y', '10000101', '99991231', '', '', '', null, '2011-08-31 12:00:00.000000000', 'USRCNFRM_00000000000', null, null);
INSERT INTO TB_BBS (NTT_ID, BBS_ID, NTT_NO, NTT_SJ, NTT_CN, ANSWER_AT, PARNTSCTT_NO, ANSWER_LC, SORT_ORDR, RDCNT, USE_AT, NTCE_BGNDE, NTCE_ENDDE, NTCR_ID, NTCR_NM, PASSWORD, ATCH_FILE_ID, FRST_REGIST_PNTTM, FRST_REGISTER_ID, LAST_UPDT_PNTTM, LAST_UPDUSR_ID) VALUES (7, 'BBSMSTR_BBBBBBBBBBBB', 2, '홈페이지 샘플게시2', '홈페이지 샘플게시2', 'N', 0, 0, 2, 0, 'Y', '10000101', '99991231', '', '', '', null, '2011-08-31 12:00:00.000000000', 'USRCNFRM_00000000000', null, null);
INSERT INTO TB_BBS (NTT_ID, BBS_ID, NTT_NO, NTT_SJ, NTT_CN, ANSWER_AT, PARNTSCTT_NO, ANSWER_LC, SORT_ORDR, RDCNT, USE_AT, NTCE_BGNDE, NTCE_ENDDE, NTCR_ID, NTCR_NM, PASSWORD, ATCH_FILE_ID, FRST_REGIST_PNTTM, FRST_REGISTER_ID, LAST_UPDT_PNTTM, LAST_UPDUSR_ID) VALUES (8, 'BBSMSTR_BBBBBBBBBBBB', 3, '홈페이지 샘플게시3', '홈페이지 샘플게시3', 'N', 0, 0, 2, 0, 'Y', '10000101', '99991231', '', '', '', null, '2011-08-31 12:00:00.000000000', 'USRCNFRM_00000000000', null, null);
INSERT INTO TB_BBS (NTT_ID, BBS_ID, NTT_NO, NTT_SJ, NTT_CN, ANSWER_AT, PARNTSCTT_NO, ANSWER_LC, SORT_ORDR, RDCNT, USE_AT, NTCE_BGNDE, NTCE_ENDDE, NTCR_ID, NTCR_NM, PASSWORD, ATCH_FILE_ID, FRST_REGIST_PNTTM, FRST_REGISTER_ID, LAST_UPDT_PNTTM, LAST_UPDUSR_ID) VALUES (9, 'BBSMSTR_BBBBBBBBBBBB', 4, '홈페이지 샘플게시4', '홈페이지 샘플게시4', 'N', 0, 0, 2, 0, 'Y', '10000101', '99991231', '', '', '', null, '2011-08-31 12:00:00.000000000', 'USRCNFRM_00000000000', null, null);
INSERT INTO TB_BBS (NTT_ID, BBS_ID, NTT_NO, NTT_SJ, NTT_CN, ANSWER_AT, PARNTSCTT_NO, ANSWER_LC, SORT_ORDR, RDCNT, USE_AT, NTCE_BGNDE, NTCE_ENDDE, NTCR_ID, NTCR_NM, PASSWORD, ATCH_FILE_ID, FRST_REGIST_PNTTM, FRST_REGISTER_ID, LAST_UPDT_PNTTM, LAST_UPDUSR_ID) VALUES (10, 'BBSMSTR_BBBBBBBBBBBB', 5, '홈페이지 샘플게시5', '홈페이지 샘플게시5', 'N', 0, 0, 2, 0, 'Y', '10000101', '99991231', '', '', '', null, '2011-08-31 12:00:00.000000000', 'USRCNFRM_00000000000', null, null);

-- ============================================================
-- 포털 추가 테이블: FAQ / Q&A (TB_ 명명, 감사컬럼 포함)
-- ============================================================
DROP TABLE IF EXISTS TB_FAQ_INFO CASCADE;
DROP TABLE IF EXISTS TB_QA_INFO CASCADE;

CREATE MEMORY TABLE TB_FAQ_INFO (FAQ_ID CHAR(20) NOT NULL PRIMARY KEY, QESTN_SJ VARCHAR(2000), QESTN_CN LONGVARCHAR, ANSWER_CN LONGVARCHAR, RDCNT NUMERIC(10) DEFAULT 0, ATCH_FILE_ID CHAR(20), FRST_REGIST_PNTTM TIMESTAMP, FRST_REGISTER_ID VARCHAR(20), LAST_UPDT_PNTTM TIMESTAMP, LAST_UPDUSR_ID VARCHAR(20));

CREATE MEMORY TABLE TB_QA_INFO (QA_ID CHAR(20) NOT NULL PRIMARY KEY, QESTN_SJ VARCHAR(2000), QESTN_CN LONGVARCHAR, WRITNG_PASSWORD VARCHAR(200), AREA_NO VARCHAR(4), MIDDLE_TELNO VARCHAR(4), END_TELNO VARCHAR(4), EMAIL_ADRES VARCHAR(50), EMAIL_ANSWER_AT CHAR(1) DEFAULT 'N', WRTER_NM VARCHAR(50), WRITNG_DE CHAR(20), RDCNT NUMERIC(10) DEFAULT 0, QNA_PROCESS_STTUS_CODE CHAR(6), ANSWER_CN LONGVARCHAR, ANSWER_DE CHAR(20), ATCH_FILE_ID CHAR(20), FRST_REGIST_PNTTM TIMESTAMP, FRST_REGISTER_ID VARCHAR(20), LAST_UPDT_PNTTM TIMESTAMP, LAST_UPDUSR_ID VARCHAR(20));

-- Q&A 처리상태 공통코드 (COM028)
INSERT INTO TB_CMMN_CODE VALUES ('COM028', 'Q&A처리상태', 'Q&A 처리상태 구분', 'Y', 'LET', '2011-08-31 00:00:00.000000000', 'SYSTEM', '2011-08-31 00:00:00.000000000', 'SYSTEM');
INSERT INTO TB_CMMN_DETAIL_CODE VALUES ('COM028', '1', '접수', '접수', 'Y', '2011-08-31 00:00:00.000000000', 'SYSTEM', '2011-08-31 00:00:00.000000000', 'SYSTEM');
INSERT INTO TB_CMMN_DETAIL_CODE VALUES ('COM028', '2', '처리중', '처리중', 'Y', '2011-08-31 00:00:00.000000000', 'SYSTEM', '2011-08-31 00:00:00.000000000', 'SYSTEM');
INSERT INTO TB_CMMN_DETAIL_CODE VALUES ('COM028', '3', '처리완료', '처리완료', 'Y', '2011-08-31 00:00:00.000000000', 'SYSTEM', '2011-08-31 00:00:00.000000000', 'SYSTEM');

-- ID 채번 시퀀스(COMTECOPSEQ) — 게시물/FAQ/Q&A 등록 지원
INSERT INTO COMTECOPSEQ VALUES ('NTT_ID', 10);
INSERT INTO COMTECOPSEQ VALUES ('FAQ_ID', 3);
INSERT INTO COMTECOPSEQ VALUES ('QA_ID', 3);

-- FAQ 샘플
INSERT INTO TB_FAQ_INFO VALUES ('FAQ_0000000000000001', '회원가입은 어떻게 하나요?', '회원가입 절차가 궁금합니다.', '메인 화면 우측 상단의 회원가입 메뉴를 통해 가입하실 수 있습니다.', 5, null, '2024-07-31 00:00:00.000000000', 'admin', null, null);
INSERT INTO TB_FAQ_INFO VALUES ('FAQ_0000000000000002', '비밀번호를 잊어버렸어요.', '비밀번호 분실 시 어떻게 하나요?', '로그인 화면의 비밀번호 찾기를 이용하시면 임시 비밀번호가 발급됩니다.', 3, null, '2024-07-31 00:00:00.000000000', 'admin', null, null);

-- Q&A 샘플
INSERT INTO TB_QA_INFO VALUES ('QA_00000000000000001', '서비스 이용 문의', '서비스 이용 시간이 어떻게 되나요?', '', '02', '1234', '5678', 'user@example.com', 'N', '홍길동', '20240731', 1, '3', '연중무휴 24시간 이용 가능합니다.', '20240801', '', '2024-07-31 00:00:00.000000000', 'user', null, null);
INSERT INTO TB_QA_INFO VALUES ('QA_00000000000000002', '환불 규정 문의', '환불은 어떻게 진행되나요?', '', '02', '2345', '6789', 'user2@example.com', 'N', '김철수', '20240801', 0, '1', null, null, null, '2024-08-01 00:00:00.000000000', 'user', null, null);

-- 게시판 템플릿 (TB_TMPLAT_INFO) — 게시판 마스터 조회 시 LEFT JOIN 대상
DROP TABLE IF EXISTS TB_TMPLAT_INFO CASCADE;
CREATE MEMORY TABLE TB_TMPLAT_INFO (TMPLAT_ID CHAR(20) NOT NULL PRIMARY KEY, TMPLAT_NM VARCHAR(60), TMPLAT_COURS VARCHAR(255), TMPLAT_SE_CODE CHAR(6), USE_AT CHAR(1) DEFAULT 'Y', FRST_REGIST_PNTTM TIMESTAMP, FRST_REGISTER_ID VARCHAR(20), LAST_UPDT_PNTTM TIMESTAMP, LAST_UPDUSR_ID VARCHAR(20));
INSERT INTO TB_TMPLAT_INFO VALUES ('TMPLAT_BOARD_DEFAULT', '기본 게시판 템플릿', '/template/default.jsp', 'TMPT01', 'Y', '2011-08-31 00:00:00.000000000', 'SYSTEM', null, null);

-- 일반회원 샘플 (GNR 로그인/회원관리 목록 확인용). user1 / 1
INSERT INTO TB_GNRL_MBER (MBER_ID, PASSWORD, MBER_NM, MBER_STTUS, MBER_EMAIL_ADRES, GROUP_ID, SBSCRB_DE, ESNTL_ID, FRST_REGIST_PNTTM, FRST_REGISTER_ID) VALUES ('user1', 'gRFeMeIqWAGxl3UOwS16Ua1pOqAX7Mi8oDPL1QCpKLY=', '홍길동', 'P', 'user1@example.com', 'GROUP_00000000000001', '2024-07-31 00:00:00.000000000', 'USRCNFRM_00000000010', '2024-07-31 00:00:00.000000000', 'SYSTEM');

-- ============================================================
-- 추가 모듈 테이블 (권한/롤/배너/약관/개인정보/설문/우편번호/메뉴) — portal mysql DDL 변환(TB_)
-- ============================================================
CREATE TABLE TB_ROLES_HIERARCHY (
  PARNTS_ROLE varchar(30) NOT NULL,
  CHLDRN_ROLE varchar(30) NOT NULL,
  PRIMARY KEY (PARNTS_ROLE,CHLDRN_ROLE)


);

CREATE TABLE TB_ROLE_INFO (
  ROLE_CODE varchar(50) DEFAULT '' NOT NULL,
  ROLE_NM varchar(60) NOT NULL,
  ROLE_PTTRN varchar(300) DEFAULT NULL,
  ROLE_DC varchar(200) DEFAULT NULL,
  ROLE_TY varchar(80) DEFAULT NULL,
  ROLE_SORT varchar(10) DEFAULT NULL,
  ROLE_CREAT_DE char(20) NOT NULL,
  PRIMARY KEY (ROLE_CODE)
);

CREATE TABLE TB_AUTHOR_ROLE_RELATE (
  AUTHOR_CODE varchar(30) NOT NULL,
  ROLE_CODE varchar(50) NOT NULL,
  CREAT_DT TIMESTAMP DEFAULT NULL,
  PRIMARY KEY (AUTHOR_CODE,ROLE_CODE)


);

CREATE TABLE TB_ZIP (
  ZIP varchar(6) NOT NULL,
  SN NUMERIC(10,0) DEFAULT '0' NOT NULL,
  CTPRVN_NM varchar(20) DEFAULT NULL,
  SIGNGU_NM varchar(20) DEFAULT NULL,
  EMD_NM varchar(60) DEFAULT NULL,
  LI_BULD_NM varchar(60) DEFAULT NULL,
  LNBR_DONG_HO varchar(20) DEFAULT NULL,
  FRST_REGIST_PNTTM TIMESTAMP DEFAULT NULL,
  FRST_REGISTER_ID varchar(20) DEFAULT NULL,
  LAST_UPDT_PNTTM TIMESTAMP DEFAULT NULL,
  LAST_UPDUSR_ID varchar(20) DEFAULT NULL,
  PRIMARY KEY (ZIP,SN)
);

CREATE TABLE TB_BANNER (
  BANNER_ID char(20) DEFAULT '' NOT NULL,
  BANNER_NM varchar(60) NOT NULL,
  LINK_URL varchar(255) DEFAULT NULL,
  BANNER_IMAGE varchar(60) NOT NULL,
  BANNER_DC varchar(200) DEFAULT NULL,
  REFLCT_AT char(1) NOT NULL,
  FRST_REGISTER_ID varchar(20) DEFAULT NULL,
  FRST_REGIST_PNTTM TIMESTAMP DEFAULT NULL,
  LAST_UPDUSR_ID varchar(20) DEFAULT NULL,
  LAST_UPDT_PNTTM TIMESTAMP DEFAULT NULL,
  BANNER_IMAGE_FILE varchar(60) DEFAULT NULL,
  SORT_ORDR NUMERIC(8,0) DEFAULT NULL,
  BANNER_TY varchar(10) DEFAULT 'MAIN',
  POPUP_LEFT INT DEFAULT NULL,
  POPUP_TOP INT DEFAULT NULL,
  POPUP_WIDTH INT DEFAULT NULL,
  POPUP_HEIGHT INT DEFAULT NULL,
  POPUP_GROUP_AT char(1) DEFAULT 'N',
  PRIMARY KEY (BANNER_ID)
);

CREATE TABLE TB_INDVDL_INFO_POLICY (
  INDVDL_INFO_POLICY_ID char(20) DEFAULT '' NOT NULL,
  INDVDL_INFO_POLICY_CN varchar(2500) DEFAULT NULL,
  INDVDL_INFO_POLICY_AGRE_AT char(1) DEFAULT NULL,
  FRST_REGISTER_ID varchar(20) DEFAULT NULL,
  FRST_REGIST_PNTTM TIMESTAMP DEFAULT NULL,
  LAST_UPDUSR_ID varchar(20) DEFAULT NULL,
  LAST_UPDT_PNTTM TIMESTAMP DEFAULT NULL,
  INDVDL_INFO_POLICY_NM varchar(255) DEFAULT NULL,
  PRIMARY KEY (INDVDL_INFO_POLICY_ID)
);

CREATE TABLE TB_PROGRM_LIST (
  PROGRM_FILE_NM varchar(60) DEFAULT '' NOT NULL,
  PROGRM_STRE_PATH varchar(100) NOT NULL,
  PROGRM_KOREAN_NM varchar(60) DEFAULT NULL,
  PROGRM_DC varchar(200) DEFAULT NULL,
  URL varchar(100) NOT NULL,
  PRIMARY KEY (PROGRM_FILE_NM)
);

CREATE TABLE TB_MENU_INFO (
  MENU_NM varchar(60) NOT NULL,
  PROGRM_FILE_NM varchar(60) NOT NULL,
  MENU_NO NUMERIC(20,0) NOT NULL,
  UPPER_MENU_NO NUMERIC(20,0) DEFAULT NULL,
  MENU_ORDR NUMERIC(5,0) NOT NULL,
  MENU_DC varchar(250) DEFAULT NULL,
  RELATE_IMAGE_PATH varchar(100) DEFAULT NULL,
  RELATE_IMAGE_NM varchar(60) DEFAULT NULL,
  PRIMARY KEY (MENU_NO)


);

CREATE TABLE TB_MENU_CREAT_DTLS (
  MENU_NO NUMERIC(20,0) NOT NULL,
  AUTHOR_CODE varchar(30) NOT NULL,
  MAPNG_CREAT_ID varchar(30) DEFAULT NULL,
  PRIMARY KEY (MENU_NO,AUTHOR_CODE)


);

CREATE TABLE TB_QUSTNR_TMPLAT (
  QUSTNR_TMPLAT_ID char(20) NOT NULL,
  QUSTNR_TMPLAT_TY varchar(100) DEFAULT NULL,
  QUSTNR_TMPLAT_DC varchar(2000) DEFAULT NULL,
  QUSTNR_TMPLAT_PATH_NM varchar(100) DEFAULT NULL,
  FRST_REGIST_PNTTM TIMESTAMP DEFAULT NULL,
  FRST_REGISTER_ID varchar(20) DEFAULT NULL,
  LAST_UPDT_PNTTM TIMESTAMP DEFAULT NULL,
  LAST_UPDUSR_ID varchar(20) DEFAULT NULL,
  QUSTNR_TMPLAT_IMAGE_INFO blob,
  PRIMARY KEY (QUSTNR_TMPLAT_ID)
);

CREATE TABLE TB_QESTNR_INFO (
  QUSTNR_TMPLAT_ID char(20) NOT NULL,
  QESTNR_ID char(20) NOT NULL,
  QUSTNR_SJ varchar(255) DEFAULT NULL,
  QUSTNR_PURPS varchar(1000) DEFAULT NULL,
  QUSTNR_WRITNG_GUIDANCE_CN varchar(2000) DEFAULT NULL,
  QUSTNR_TRGET varchar(1000) DEFAULT NULL,
  QUSTNR_BGNDE char(20)  DEFAULT NULL,
  QUSTNR_ENDDE char(20) DEFAULT NULL,
  FRST_REGIST_PNTTM TIMESTAMP DEFAULT NULL,
  FRST_REGISTER_ID varchar(20) DEFAULT NULL,
  LAST_UPDT_PNTTM TIMESTAMP DEFAULT NULL,
  LAST_UPDUSR_ID varchar(20) DEFAULT NULL,
  PRIMARY KEY (QUSTNR_TMPLAT_ID,QESTNR_ID)

);

CREATE TABLE TB_QUSTNR_QESITM (
  QESTNR_ID char(20) NOT NULL,
  QUSTNR_QESITM_ID char(20) NOT NULL,
  QUSTNR_TMPLAT_ID char(20) NOT NULL,
  QESTN_SN NUMERIC(10,0) DEFAULT NULL,
  QESTN_TY_CODE char(1) DEFAULT NULL,
  QESTN_CN varchar(2500) DEFAULT NULL,
  MXMM_CHOISE_CO NUMERIC(5,0) DEFAULT NULL,
  FRST_REGIST_PNTTM TIMESTAMP NOT NULL,
  FRST_REGISTER_ID varchar(20) NOT NULL,
  LAST_UPDT_PNTTM TIMESTAMP NOT NULL,
  LAST_UPDUSR_ID varchar(20) NOT NULL,
  PRIMARY KEY (QESTNR_ID,QUSTNR_QESITM_ID,QUSTNR_TMPLAT_ID)

);

CREATE TABLE TB_QUSTNR_IEM (
  QUSTNR_TMPLAT_ID char(20) NOT NULL,
  QESTNR_ID char(20) NOT NULL,
  QUSTNR_QESITM_ID char(20) NOT NULL,
  QUSTNR_IEM_ID varchar(20) NOT NULL,
  IEM_SN NUMERIC(5,0) DEFAULT NULL,
  IEM_CN varchar(1000) DEFAULT NULL,
  ETC_ANSWER_AT char(1) DEFAULT NULL,
  FRST_REGIST_PNTTM TIMESTAMP DEFAULT NULL,
  FRST_REGISTER_ID varchar(20) DEFAULT NULL,
  LAST_UPDT_PNTTM TIMESTAMP DEFAULT NULL,
  LAST_UPDUSR_ID varchar(20) DEFAULT NULL,
  PRIMARY KEY (QUSTNR_TMPLAT_ID,QESTNR_ID,QUSTNR_QESITM_ID,QUSTNR_IEM_ID)

);

CREATE TABLE TB_QUSTNR_RESPOND_INFO (
  QUSTNR_TMPLAT_ID char(20) NOT NULL,
  QESTNR_ID char(20) NOT NULL,
  QUSTNR_RESPOND_ID char(20) NOT NULL,
  SEXDSTN_CODE char(1) DEFAULT NULL,
  OCCP_TY_CODE varchar(1) DEFAULT NULL,
  RESPOND_NM varchar(50) DEFAULT NULL,
  BRTHDY char(20) DEFAULT NULL,
  AREA_NO varchar(4) DEFAULT NULL,
  MIDDLE_TELNO varchar(4) DEFAULT NULL,
  END_TELNO varchar(4) DEFAULT NULL,
  FRST_REGIST_PNTTM TIMESTAMP DEFAULT NULL,
  FRST_REGISTER_ID varchar(20) DEFAULT NULL,
  LAST_UPDT_PNTTM TIMESTAMP DEFAULT NULL,
  LAST_UPDUSR_ID varchar(20) DEFAULT NULL,
  PRIMARY KEY (QUSTNR_TMPLAT_ID,QESTNR_ID,QUSTNR_RESPOND_ID)

);

CREATE TABLE TB_QUSTNR_RSPNS_RESULT (
  QUSTNR_RSPNS_RESULT_ID char(20) NOT NULL,
  QESTNR_ID char(20) NOT NULL,
  QUSTNR_QESITM_ID char(20) NOT NULL,
  QUSTNR_TMPLAT_ID char(20) NOT NULL,
  RESPOND_ANSWER_CN varchar(1000) DEFAULT NULL,
  ETC_ANSWER_CN varchar(1000) DEFAULT NULL,
  RESPOND_NM varchar(50) DEFAULT NULL,
  FRST_REGIST_PNTTM TIMESTAMP DEFAULT NULL,
  FRST_REGISTER_ID varchar(20) DEFAULT NULL,
  LAST_UPDT_PNTTM TIMESTAMP DEFAULT NULL,
  LAST_UPDUSR_ID varchar(20) DEFAULT NULL,
  QUSTNR_IEM_ID varchar(20) DEFAULT NULL,
  PRIMARY KEY (QUSTNR_RSPNS_RESULT_ID,QESTNR_ID,QUSTNR_QESITM_ID,QUSTNR_TMPLAT_ID)

);

CREATE TABLE TB_STPLAT_INFO (
  USE_STPLAT_ID char(20) NOT NULL,
  USE_STPLAT_NM varchar(100) DEFAULT NULL,
  USE_STPLAT_CN LONGVARCHAR,
  INFO_PROVD_AGRE_CN LONGVARCHAR,
  FRST_REGIST_PNTTM TIMESTAMP DEFAULT NULL,
  FRST_REGISTER_ID varchar(20) DEFAULT NULL,
  LAST_UPDT_PNTTM TIMESTAMP DEFAULT NULL,
  LAST_UPDUSR_ID varchar(20) DEFAULT NULL,
  PRIMARY KEY (USE_STPLAT_ID)
);


-- 추가 모듈 시드 (권한/롤/권한-롤/우편번호) — portal mysql DML 변환
INSERT INTO TB_AUTHOR_INFO(AUTHOR_CODE,AUTHOR_NM,AUTHOR_DC,AUTHOR_CREAT_DE) VALUES ('ROLE_ADMIN','관리자','관리자','2011-08-11 15:31:59');
INSERT INTO TB_AUTHOR_INFO(AUTHOR_CODE,AUTHOR_NM,AUTHOR_DC,AUTHOR_CREAT_DE) VALUES ('ROLE_ANONYMOUS','오픈기능','오픈기능','2011-08-11 15:31:59');
INSERT INTO TB_AUTHOR_INFO(AUTHOR_CODE,AUTHOR_NM,AUTHOR_DC,AUTHOR_CREAT_DE) VALUES ('ROLE_USER_MEMBER','담당자','회원','2011-08-11 15:31:59');
INSERT INTO TB_ROLES_HIERARCHY(PARNTS_ROLE,CHLDRN_ROLE) VALUES ('ROLE_USER_MEMBER','ROLE_ADMIN');
INSERT INTO TB_ROLES_HIERARCHY(PARNTS_ROLE,CHLDRN_ROLE) VALUES ('ROLE_ANONYMOUS','ROLE_USER_MEMBER');
INSERT INTO TB_ROLE_INFO(ROLE_CODE,ROLE_NM,ROLE_PTTRN,ROLE_DC,ROLE_TY,ROLE_SORT,ROLE_CREAT_DE) VALUES ('cmm-uss-umt','cmm-uss-umt','/cmm/uss/umt/.*.do.*','아이디중복확인','url','1','2011-08-24 0:00');
INSERT INTO TB_ROLE_INFO(ROLE_CODE,ROLE_NM,ROLE_PTTRN,ROLE_DC,ROLE_TY,ROLE_SORT,ROLE_CREAT_DE) VALUES ('cop-bbs','cop-bbs','/cop/bbs/.*.do.*','게시판','url','2','2011-08-24 0:00');
INSERT INTO TB_ROLE_INFO(ROLE_CODE,ROLE_NM,ROLE_PTTRN,ROLE_DC,ROLE_TY,ROLE_SORT,ROLE_CREAT_DE) VALUES ('cop-com','cop-com','/cop/com/.*.do.*','게시판사용','url','3','2011-08-24 0:00');
INSERT INTO TB_ROLE_INFO(ROLE_CODE,ROLE_NM,ROLE_PTTRN,ROLE_DC,ROLE_TY,ROLE_SORT,ROLE_CREAT_DE) VALUES ('sec-gmt','sec-gmt','/sec/gmt/.*.do.*','그룹관리','url','4','2011-08-24 0:00');
INSERT INTO TB_ROLE_INFO(ROLE_CODE,ROLE_NM,ROLE_PTTRN,ROLE_DC,ROLE_TY,ROLE_SORT,ROLE_CREAT_DE) VALUES ('sec-ram','sec-ram','/sec/ram/.*.do.*','권한관리','url','5','2011-08-24 0:00');
INSERT INTO TB_ROLE_INFO(ROLE_CODE,ROLE_NM,ROLE_PTTRN,ROLE_DC,ROLE_TY,ROLE_SORT,ROLE_CREAT_DE) VALUES ('sec-rgm','sec-rgm','/sec/rgm/.*.do.*','권한그룹관리','url','6','2011-08-24 0:00');
INSERT INTO TB_ROLE_INFO(ROLE_CODE,ROLE_NM,ROLE_PTTRN,ROLE_DC,ROLE_TY,ROLE_SORT,ROLE_CREAT_DE) VALUES ('sec-rmt','sec-rmt','/sec/rmt/.*.do.*','롤관리','url','7','2011-08-24 0:00');
INSERT INTO TB_ROLE_INFO(ROLE_CODE,ROLE_NM,ROLE_PTTRN,ROLE_DC,ROLE_TY,ROLE_SORT,ROLE_CREAT_DE) VALUES ('uss-ion-bnr','uss-ion-bnr','/uss/ion/bnr/.*.do.*','배너관리','url','8','2011-08-24 0:00');
INSERT INTO TB_ROLE_INFO(ROLE_CODE,ROLE_NM,ROLE_PTTRN,ROLE_DC,ROLE_TY,ROLE_SORT,ROLE_CREAT_DE) VALUES ('uss-olh-faq','uss-olh-faq','/uss/olh/faq/.*.do.*','FAQ','url','9','2011-08-24 0:00');
INSERT INTO TB_ROLE_INFO(ROLE_CODE,ROLE_NM,ROLE_PTTRN,ROLE_DC,ROLE_TY,ROLE_SORT,ROLE_CREAT_DE) VALUES ('uss-olh-qna','uss-olh-qna','/uss/olh/qna/.*.do.*','QnA','url','10','2011-08-24 0:00');
INSERT INTO TB_ROLE_INFO(ROLE_CODE,ROLE_NM,ROLE_PTTRN,ROLE_DC,ROLE_TY,ROLE_SORT,ROLE_CREAT_DE) VALUES ('uss-olh-qnm','uss-olh-qnm','/uss/olh/qnm/.*.do.*','QnA답변','url','11','2011-08-24 0:00');
INSERT INTO TB_ROLE_INFO(ROLE_CODE,ROLE_NM,ROLE_PTTRN,ROLE_DC,ROLE_TY,ROLE_SORT,ROLE_CREAT_DE) VALUES ('uss-olp-qim','uss-olp-qim','/uss/olp/qim/.*.do.*','항목관리','url','12','2011-08-24 0:00');
INSERT INTO TB_ROLE_INFO(ROLE_CODE,ROLE_NM,ROLE_PTTRN,ROLE_DC,ROLE_TY,ROLE_SORT,ROLE_CREAT_DE) VALUES ('uss-olp-qmc','uss-olp-qmc','/uss/olp/qmc/.*.do.*','설문관리','url','13','2011-08-24 0:00');
INSERT INTO TB_ROLE_INFO(ROLE_CODE,ROLE_NM,ROLE_PTTRN,ROLE_DC,ROLE_TY,ROLE_SORT,ROLE_CREAT_DE) VALUES ('uss-olp-qnn','uss-olp-qnn','/uss/olp/qnn/.*.do.*','설문참여','url','14','2011-08-24 0:00');
INSERT INTO TB_ROLE_INFO(ROLE_CODE,ROLE_NM,ROLE_PTTRN,ROLE_DC,ROLE_TY,ROLE_SORT,ROLE_CREAT_DE) VALUES ('uss-olp-qqm','uss-olp-qqm','/uss/olp/qqm/.*.do.*','문항관리','url','15','2011-08-24 0:00');
INSERT INTO TB_ROLE_INFO(ROLE_CODE,ROLE_NM,ROLE_PTTRN,ROLE_DC,ROLE_TY,ROLE_SORT,ROLE_CREAT_DE) VALUES ('uss-olp-qri','uss-olp-qri','/uss/olp/qri/.*.do.*','설문조사','url','16','2011-08-24 0:00');
INSERT INTO TB_ROLE_INFO(ROLE_CODE,ROLE_NM,ROLE_PTTRN,ROLE_DC,ROLE_TY,ROLE_SORT,ROLE_CREAT_DE) VALUES ('uss-olp-qrm','uss-olp-qrm','/uss/olp/qrm/.*.do.*','응답자관리','url','17','2011-08-24 0:00');
INSERT INTO TB_ROLE_INFO(ROLE_CODE,ROLE_NM,ROLE_PTTRN,ROLE_DC,ROLE_TY,ROLE_SORT,ROLE_CREAT_DE) VALUES ('uss-olp-qtm','uss-olp-qtm','/uss/olp/qtm/.*.do.*','설문템플릿','url','18','2011-08-24 0:00');
INSERT INTO TB_ROLE_INFO(ROLE_CODE,ROLE_NM,ROLE_PTTRN,ROLE_DC,ROLE_TY,ROLE_SORT,ROLE_CREAT_DE) VALUES ('uss-sam-ipm','uss-sam-ipm','/uss/sam/ipm/.*.do.*','개인정보보호정책','url','19','2011-08-24 0:00');
INSERT INTO TB_ROLE_INFO(ROLE_CODE,ROLE_NM,ROLE_PTTRN,ROLE_DC,ROLE_TY,ROLE_SORT,ROLE_CREAT_DE) VALUES ('uss-sam-stp','uss-sam-stp','/uss/sam/stp/.*.do.*','약관','url','20','2011-08-24 0:00');
INSERT INTO TB_ROLE_INFO(ROLE_CODE,ROLE_NM,ROLE_PTTRN,ROLE_DC,ROLE_TY,ROLE_SORT,ROLE_CREAT_DE) VALUES ('uss-umt-cmm','uss-umt-cmm','/uss/umt/cmm/.*.do.*','일반회원가입신청','url','21','2011-08-24 0:00');
INSERT INTO TB_ROLE_INFO(ROLE_CODE,ROLE_NM,ROLE_PTTRN,ROLE_DC,ROLE_TY,ROLE_SORT,ROLE_CREAT_DE) VALUES ('uss-umt-mber','uss-umt-mber','/uss/umt/mber/.*.do.*','일반회원관리','url','22','2011-08-24 0:00');
INSERT INTO TB_AUTHOR_ROLE_RELATE(AUTHOR_CODE,ROLE_CODE,CREAT_DT) VALUES ('ROLE_ADMIN','cmm-uss-umt','2009-08-25 00:00:00');
INSERT INTO TB_AUTHOR_ROLE_RELATE(AUTHOR_CODE,ROLE_CODE,CREAT_DT) VALUES ('ROLE_ADMIN','sec-gmt','2009-08-25 00:00:00');
INSERT INTO TB_AUTHOR_ROLE_RELATE(AUTHOR_CODE,ROLE_CODE,CREAT_DT) VALUES ('ROLE_ADMIN','sec-ram','2009-08-25 00:00:00');
INSERT INTO TB_AUTHOR_ROLE_RELATE(AUTHOR_CODE,ROLE_CODE,CREAT_DT) VALUES ('ROLE_ADMIN','sec-rgm','2009-08-25 00:00:00');
INSERT INTO TB_AUTHOR_ROLE_RELATE(AUTHOR_CODE,ROLE_CODE,CREAT_DT) VALUES ('ROLE_ADMIN','sec-rmt','2009-08-25 00:00:00');
INSERT INTO TB_AUTHOR_ROLE_RELATE(AUTHOR_CODE,ROLE_CODE,CREAT_DT) VALUES ('ROLE_ADMIN','uss-umt-mber','2009-08-25 00:00:00');
INSERT INTO TB_AUTHOR_ROLE_RELATE(AUTHOR_CODE,ROLE_CODE,CREAT_DT) VALUES ('ROLE_ANONYMOUS','cop-bbs','2009-08-25 00:00:00');
INSERT INTO TB_AUTHOR_ROLE_RELATE(AUTHOR_CODE,ROLE_CODE,CREAT_DT) VALUES ('ROLE_ANONYMOUS','uss-olh-faq','2009-08-25 00:00:00');
INSERT INTO TB_AUTHOR_ROLE_RELATE(AUTHOR_CODE,ROLE_CODE,CREAT_DT) VALUES ('ROLE_ANONYMOUS','uss-olh-qna','2009-08-25 00:00:00');
INSERT INTO TB_AUTHOR_ROLE_RELATE(AUTHOR_CODE,ROLE_CODE,CREAT_DT) VALUES ('ROLE_ANONYMOUS','uss-olp-qnn','2009-08-25 00:00:00');
INSERT INTO TB_AUTHOR_ROLE_RELATE(AUTHOR_CODE,ROLE_CODE,CREAT_DT) VALUES ('ROLE_ANONYMOUS','uss-umt-cmm','2009-08-25 00:00:00');
INSERT INTO TB_AUTHOR_ROLE_RELATE(AUTHOR_CODE,ROLE_CODE,CREAT_DT) VALUES ('ROLE_USER_MEMBER','cop-com','2009-08-25 00:00:00');
INSERT INTO TB_AUTHOR_ROLE_RELATE(AUTHOR_CODE,ROLE_CODE,CREAT_DT) VALUES ('ROLE_USER_MEMBER','uss-ion-bnr','2009-08-25 00:00:00');
INSERT INTO TB_AUTHOR_ROLE_RELATE(AUTHOR_CODE,ROLE_CODE,CREAT_DT) VALUES ('ROLE_USER_MEMBER','uss-olh-qnm','2009-08-25 00:00:00');
INSERT INTO TB_AUTHOR_ROLE_RELATE(AUTHOR_CODE,ROLE_CODE,CREAT_DT) VALUES ('ROLE_USER_MEMBER','uss-olp-qim','2009-08-25 00:00:00');
INSERT INTO TB_AUTHOR_ROLE_RELATE(AUTHOR_CODE,ROLE_CODE,CREAT_DT) VALUES ('ROLE_USER_MEMBER','uss-olp-qmc','2009-08-25 00:00:00');
INSERT INTO TB_AUTHOR_ROLE_RELATE(AUTHOR_CODE,ROLE_CODE,CREAT_DT) VALUES ('ROLE_USER_MEMBER','uss-olp-qqm','2009-08-25 00:00:00');
INSERT INTO TB_AUTHOR_ROLE_RELATE(AUTHOR_CODE,ROLE_CODE,CREAT_DT) VALUES ('ROLE_USER_MEMBER','uss-olp-qri','2009-08-25 00:00:00');
INSERT INTO TB_AUTHOR_ROLE_RELATE(AUTHOR_CODE,ROLE_CODE,CREAT_DT) VALUES ('ROLE_USER_MEMBER','uss-olp-qrm','2009-08-25 00:00:00');
INSERT INTO TB_AUTHOR_ROLE_RELATE(AUTHOR_CODE,ROLE_CODE,CREAT_DT) VALUES ('ROLE_USER_MEMBER','uss-olp-qtm','2009-08-25 00:00:00');
INSERT INTO TB_AUTHOR_ROLE_RELATE(AUTHOR_CODE,ROLE_CODE,CREAT_DT) VALUES ('ROLE_USER_MEMBER','uss-sam-ipm','2009-08-25 00:00:00');
INSERT INTO TB_AUTHOR_ROLE_RELATE(AUTHOR_CODE,ROLE_CODE,CREAT_DT) VALUES ('ROLE_USER_MEMBER','uss-sam-stp','2009-08-25 00:00:00');
INSERT INTO TB_ZIP(ZIP, SN, CTPRVN_NM, SIGNGU_NM, EMD_NM, LI_BULD_NM, LNBR_DONG_HO, FRST_REGIST_PNTTM, FRST_REGISTER_ID, LAST_UPDT_PNTTM, LAST_UPDUSR_ID) VALUES ('100775',7381,'서울','중구','무교동','한국정보화진흥원','',SYSDATE(),'SYSTEM',SYSDATE(),'SYSTEM');

-- 배너/약관/개인정보/설문 샘플 (정확한 컬럼)
INSERT INTO TB_BANNER(BANNER_ID,BANNER_NM,LINK_URL,BANNER_IMAGE,BANNER_DC,REFLCT_AT,FRST_REGISTER_ID,FRST_REGIST_PNTTM,BANNER_IMAGE_FILE,SORT_ORDR,BANNER_TY) VALUES ('BANNER_0000000000001','전자정부 배너','https://www.egovframe.go.kr','banner01.png','메인 상단 배너','Y','admin','2024-07-31 00:00:00','banner01.png',1,'MAIN');
INSERT INTO TB_BANNER(BANNER_ID,BANNER_NM,LINK_URL,BANNER_IMAGE,BANNER_DC,REFLCT_AT,FRST_REGISTER_ID,FRST_REGIST_PNTTM,BANNER_IMAGE_FILE,SORT_ORDR,BANNER_TY) VALUES ('BANNER_0000000000002','표준프레임워크 소개','https://www.egovframe.go.kr/home/sub.do?menuNo=41','banner02.png','메인 슬라이드 배너','Y','admin','2024-07-31 00:00:00','banner02.png',2,'MAIN');
INSERT INTO TB_BANNER(BANNER_ID,BANNER_NM,LINK_URL,BANNER_IMAGE,BANNER_DC,REFLCT_AT,FRST_REGISTER_ID,FRST_REGIST_PNTTM,BANNER_IMAGE_FILE,SORT_ORDR,BANNER_TY,POPUP_WIDTH,POPUP_GROUP_AT) VALUES ('BANNER_0000000000003','팝업 공지','https://www.egovframe.go.kr','banner01.png','페이지 진입 팝업 배너 (묶음 슬라이드 1)','Y','admin','2024-07-31 00:00:00','banner01.png',1,'POPUP',440,'Y');
INSERT INTO TB_BANNER(BANNER_ID,BANNER_NM,LINK_URL,BANNER_IMAGE,BANNER_DC,REFLCT_AT,FRST_REGISTER_ID,FRST_REGIST_PNTTM,BANNER_IMAGE_FILE,SORT_ORDR,BANNER_TY,POPUP_WIDTH,POPUP_GROUP_AT) VALUES ('BANNER_0000000000005','팝업 공지 2',NULL,'banner02.png','페이지 진입 팝업 배너 (묶음 슬라이드 2, 링크 없음)','Y','admin','2024-07-31 00:00:00','banner02.png',2,'POPUP',440,'Y');
INSERT INTO TB_BANNER(BANNER_ID,BANNER_NM,LINK_URL,BANNER_IMAGE,BANNER_DC,REFLCT_AT,FRST_REGISTER_ID,FRST_REGIST_PNTTM,BANNER_IMAGE_FILE,SORT_ORDR,BANNER_TY) VALUES ('BANNER_0000000000004','푸터 배너','https://www.egovframe.go.kr','banner02.png','푸터 슬라이드 배너','Y','admin','2024-07-31 00:00:00','banner02.png',1,'FOOTER');
INSERT INTO TB_BANNER(BANNER_ID,BANNER_NM,LINK_URL,BANNER_IMAGE,BANNER_DC,REFLCT_AT,FRST_REGISTER_ID,FRST_REGIST_PNTTM,BANNER_IMAGE_FILE,SORT_ORDR,BANNER_TY) VALUES ('BANNER_0000000000006','푸터 배너 2','https://www.egovframe.go.kr/home/sub.do?menuNo=41','banner01.png','푸터 슬라이드 배너 2','Y','admin','2024-07-31 00:00:00','banner01.png',2,'FOOTER');
INSERT INTO TB_STPLAT_INFO(USE_STPLAT_ID,USE_STPLAT_NM,USE_STPLAT_CN,INFO_PROVD_AGRE_CN,FRST_REGIST_PNTTM,FRST_REGISTER_ID) VALUES ('STPLAT_0000000000001','서비스 이용약관','본 약관은 전자정부 표준프레임워크 포털 서비스 이용에 관한 사항을 규정합니다.','개인정보 제공에 동의합니다.','2024-07-31 00:00:00','admin');
INSERT INTO TB_INDVDL_INFO_POLICY(INDVDL_INFO_POLICY_ID,INDVDL_INFO_POLICY_CN,INDVDL_INFO_POLICY_AGRE_AT,FRST_REGISTER_ID,FRST_REGIST_PNTTM,INDVDL_INFO_POLICY_NM) VALUES ('INDVDL_INFO_00000001','본 방침은 이용자의 개인정보 보호에 관한 사항을 규정합니다.','Y','admin','2024-07-31 00:00:00','개인정보처리방침');
-- 성별 공통코드(COM014) — 설문 응답 '성별' 드롭다운
INSERT INTO TB_CMMN_CODE VALUES ('COM014', '성별', '성별 구분 코드', 'Y', 'LET', '2024-07-31 00:00:00.000000000', 'SYSTEM', '2024-07-31 00:00:00.000000000', 'SYSTEM');
INSERT INTO TB_CMMN_DETAIL_CODE VALUES ('COM014', 'M', '남자', '남자', 'Y', '2024-07-31 00:00:00.000000000', 'SYSTEM', '2024-07-31 00:00:00.000000000', 'SYSTEM');
INSERT INTO TB_CMMN_DETAIL_CODE VALUES ('COM014', 'F', '여자', '여자', 'Y', '2024-07-31 00:00:00.000000000', 'SYSTEM', '2024-07-31 00:00:00.000000000', 'SYSTEM');
-- 설문대상 공통코드(COM034: 직업유형) — 설문 등록/수정 '설문대상' 드롭다운
INSERT INTO TB_CMMN_CODE VALUES ('COM034', '직업유형', '설문대상 직업유형 코드', 'Y', 'LET', '2024-07-31 00:00:00.000000000', 'SYSTEM', '2024-07-31 00:00:00.000000000', 'SYSTEM');
INSERT INTO TB_CMMN_DETAIL_CODE VALUES ('COM034', '01', '학생', '학생', 'Y', '2024-07-31 00:00:00.000000000', 'SYSTEM', '2024-07-31 00:00:00.000000000', 'SYSTEM');
INSERT INTO TB_CMMN_DETAIL_CODE VALUES ('COM034', '02', '회사원', '회사원', 'Y', '2024-07-31 00:00:00.000000000', 'SYSTEM', '2024-07-31 00:00:00.000000000', 'SYSTEM');
INSERT INTO TB_CMMN_DETAIL_CODE VALUES ('COM034', '03', '공무원', '공무원', 'Y', '2024-07-31 00:00:00.000000000', 'SYSTEM', '2024-07-31 00:00:00.000000000', 'SYSTEM');
INSERT INTO TB_CMMN_DETAIL_CODE VALUES ('COM034', '04', '자영업', '자영업', 'Y', '2024-07-31 00:00:00.000000000', 'SYSTEM', '2024-07-31 00:00:00.000000000', 'SYSTEM');
INSERT INTO TB_CMMN_DETAIL_CODE VALUES ('COM034', '99', '기타', '기타', 'Y', '2024-07-31 00:00:00.000000000', 'SYSTEM', '2024-07-31 00:00:00.000000000', 'SYSTEM');
-- 설문 템플릿(템플릿 유형 선택/상세 표시용)
INSERT INTO TB_QUSTNR_TMPLAT (QUSTNR_TMPLAT_ID, QUSTNR_TMPLAT_TY, QUSTNR_TMPLAT_DC, QUSTNR_TMPLAT_PATH_NM, FRST_REGIST_PNTTM, FRST_REGISTER_ID) VALUES ('QTMPLA_000000000001', '기본형(객관식)', '기본 객관식 설문 템플릿', 'template01', '2024-07-31 00:00:00', 'admin');
INSERT INTO TB_QUSTNR_TMPLAT (QUSTNR_TMPLAT_ID, QUSTNR_TMPLAT_TY, QUSTNR_TMPLAT_DC, QUSTNR_TMPLAT_PATH_NM, FRST_REGIST_PNTTM, FRST_REGISTER_ID) VALUES ('QTMPLA_000000000002', '서술형(주관식)', '주관식 응답 설문 템플릿', 'template02', '2024-07-31 00:00:00', 'admin');
INSERT INTO TB_QESTNR_INFO(QUSTNR_TMPLAT_ID,QESTNR_ID,QUSTNR_SJ,QUSTNR_PURPS,QUSTNR_BGNDE,QUSTNR_ENDDE,FRST_REGIST_PNTTM,FRST_REGISTER_ID) VALUES ('QTMPLA_000000000001','QESTNR_000000000001','포털 만족도 조사','포털 이용 만족도 파악','20240701','20271231','2024-07-31 00:00:00','USRCNFRM_00000000000');
