-- 개정이력: 2026.06.17  구재호  전 DBMS TB_ 표준 명명 현행화
INSERT INTO IDS VALUES ('BBS_ID', 1);
INSERT INTO IDS VALUES ('FILE_ID', 1);
INSERT INTO IDS VALUES ('SAMPLE', 1);
INSERT INTO IDS VALUES ('SCHDUL_ID', 1);
INSERT INTO IDS VALUES ('TMPLAT_ID', 1);
INSERT INTO COMTECOPSEQ VALUES ('USRCNFRM_ID', 20);
INSERT INTO TB_CMMN_CL_CODE VALUES ('LET', '전자정부 프레임워크 경량환경 템플릿', '전자정부 프레임워크 경량환경 템플릿', 'Y', '2011-08-31 00:00:00.000000000', 'SYSTEM', '2011-08-31 00:00:00.000000000', 'SYSTEM');
INSERT INTO TB_CMMN_CODE VALUES ('COM001', '등록구분', '게시판, 커뮤니티, 동호회 등록구분코드', 'Y', 'LET', '2011-08-31 00:00:00.000000000', 'SYSTEM', '2011-08-31 00:00:00.000000000', 'SYSTEM');
INSERT INTO TB_CMMN_CODE VALUES ('COM003', '업무구분', '업무구분코드', 'Y', 'LET', '2011-08-31 00:00:00.000000000', 'SYSTEM', '2011-08-31 00:00:00.000000000', 'SYSTEM');
INSERT INTO TB_CMMN_CODE VALUES ('COM004', '게시판유형', '게시판유형구분코드', 'Y', 'LET', '2011-08-31 00:00:00.000000000', 'SYSTEM', '2011-08-31 00:00:00.000000000', 'SYSTEM');
INSERT INTO TB_CMMN_CODE VALUES ('COM005', '템플릿유형', '템플릿유형구분코드', 'Y', 'LET', '2011-08-31 00:00:00.000000000', 'SYSTEM', '2011-08-31 00:00:00.000000000', 'SYSTEM');
INSERT INTO TB_CMMN_CODE VALUES ('COM009', '게시판속성', '게시판 속성', 'Y', 'LET', '2011-08-31 00:00:00.000000000', 'SYSTEM', '2011-08-31 00:00:00.000000000', 'SYSTEM');
INSERT INTO TB_CMMN_CODE VALUES ('COM019', '일정중요도', '일정중요도 낮음/보통/높음 상태구분', 'Y', 'LET', '2011-08-31 00:00:00.000000000', 'SYSTEM', '2011-08-31 00:00:00.000000000', 'SYSTEM');
INSERT INTO TB_CMMN_CODE VALUES ('COM030', '일정구분', '일정구분 코드', 'Y', 'LET', '2011-08-31 00:00:00.000000000', 'SYSTEM', '2011-08-31 00:00:00.000000000', 'SYSTEM');
INSERT INTO TB_CMMN_CODE VALUES ('COM031', '반복구분', '일정 반복구분 코드', 'Y', 'LET', '2011-08-31 00:00:00.000000000', 'SYSTEM', '2011-08-31 00:00:00.000000000', 'SYSTEM');
INSERT INTO TB_CMMN_CODE VALUES ('COM017', '휴일구분', '휴일구분 코드', 'Y', 'LET', '2011-08-31 00:00:00.000000000', 'SYSTEM', '2011-08-31 00:00:00.000000000', 'SYSTEM');
INSERT INTO TB_CMMN_DETAIL_CODE VALUES ('COM001', 'REGC01', '단일 게시판 이용등록', '단일 게시판 이용등록', 'Y', '2011-08-31 00:00:00.000000000', 'SYSTEM', '2011-08-31 00:00:00.000000000', 'SYSTEM');
INSERT INTO TB_CMMN_DETAIL_CODE VALUES ('COM001', 'REGC07', '게시판사용자등록', '게시판사용자등록', 'Y', '2011-08-31 00:00:00.000000000', 'SYSTEM', '2011-08-31 00:00:00.000000000', 'SYSTEM');
INSERT INTO TB_CMMN_DETAIL_CODE VALUES ('COM003', 'BBS', '게시판', '게시판', 'Y', '2011-08-31 00:00:00.000000000', 'SYSTEM', '2011-08-31 00:00:00.000000000', 'SYSTEM');
INSERT INTO TB_CMMN_DETAIL_CODE VALUES ('COM004', 'BBST01', '일반게시판', '일반게시판', 'Y', '2011-08-31 00:00:00.000000000', 'SYSTEM', '2011-08-31 00:00:00.000000000', 'SYSTEM');
INSERT INTO TB_CMMN_DETAIL_CODE VALUES ('COM004', 'BBST02', '익명게시판', '익명게시판', 'Y', '2011-08-31 00:00:00.000000000', 'SYSTEM', '2011-08-31 00:00:00.000000000', 'SYSTEM');
INSERT INTO TB_CMMN_DETAIL_CODE VALUES ('COM004', 'BBST03', '공지게시판', '공지게시판', 'Y', '2011-08-31 00:00:00.000000000', 'SYSTEM', '2011-08-31 00:00:00.000000000', 'SYSTEM');
INSERT INTO TB_CMMN_DETAIL_CODE VALUES ('COM004', 'BBST04', '방명록', '방명록', 'Y', '2011-08-31 00:00:00.000000000', 'SYSTEM', '2011-08-31 00:00:00.000000000', 'SYSTEM');
INSERT INTO TB_CMMN_DETAIL_CODE VALUES ('COM005', 'TMPT01', '게시판템플릿', '게시판템플릿', 'Y', '2011-08-31 00:00:00.000000000', 'SYSTEM', '2011-08-31 00:00:00.000000000', 'SYSTEM');
INSERT INTO TB_CMMN_DETAIL_CODE VALUES ('COM009', 'BBSA01', '유효게시판', '유효게시판', 'Y', '2011-08-31 00:00:00.000000000', 'SYSTEM', '2011-08-31 00:00:00.000000000', 'SYSTEM');
INSERT INTO TB_CMMN_DETAIL_CODE VALUES ('COM009', 'BBSA02', '갤러리', '갤러리', 'Y', '2011-08-31 00:00:00.000000000', 'SYSTEM', '2011-08-31 00:00:00.000000000', 'SYSTEM');
INSERT INTO TB_CMMN_DETAIL_CODE VALUES ('COM009', 'BBSA03', '일반게시판', '일반게시판', 'Y', '2011-08-31 00:00:00.000000000', 'SYSTEM', '2011-08-31 00:00:00.000000000', 'SYSTEM');
INSERT INTO TB_CMMN_DETAIL_CODE VALUES ('COM019', 'A', '높음', '높음', 'Y', '2011-08-31 00:00:00.000000000', 'SYSTEM', '2011-08-31 00:00:00.000000000', 'SYSTEM');
INSERT INTO TB_CMMN_DETAIL_CODE VALUES ('COM019', 'B', '보통', '보통', 'Y', '2011-08-31 00:00:00.000000000', 'SYSTEM', '2011-08-31 00:00:00.000000000', 'SYSTEM');
INSERT INTO TB_CMMN_DETAIL_CODE VALUES ('COM019', 'C', '낮음', '낮음', 'Y', '2011-08-31 00:00:00.000000000', 'SYSTEM', '2011-08-31 00:00:00.000000000', 'SYSTEM');
INSERT INTO TB_CMMN_DETAIL_CODE VALUES ('COM030', '1', '회의', '회의', 'Y', '2011-08-31 00:00:00.000000000', 'SYSTEM', '2011-08-31 00:00:00.000000000', 'SYSTEM');
INSERT INTO TB_CMMN_DETAIL_CODE VALUES ('COM030', '2', '세미나', '세미나', 'Y', '2011-08-31 00:00:00.000000000', 'SYSTEM', '2011-08-31 00:00:00.000000000', 'SYSTEM');
INSERT INTO TB_CMMN_DETAIL_CODE VALUES ('COM030', '3', '강의', '강의', 'Y', '2011-08-31 00:00:00.000000000', 'SYSTEM', '2011-08-31 00:00:00.000000000', 'SYSTEM');
INSERT INTO TB_CMMN_DETAIL_CODE VALUES ('COM030', '4', '교육', '교육', 'Y', '2011-08-31 00:00:00.000000000', 'SYSTEM', '2011-08-31 00:00:00.000000000', 'SYSTEM');
INSERT INTO TB_CMMN_DETAIL_CODE VALUES ('COM030', '5', '기타', '기타', 'Y', '2011-08-31 00:00:00.000000000', 'SYSTEM', '2011-08-31 00:00:00.000000000', 'SYSTEM');
INSERT INTO TB_CMMN_DETAIL_CODE VALUES ('COM031', '1', '당일', '당일', 'Y', '2011-08-31 00:00:00.000000000', 'SYSTEM', '2011-08-31 00:00:00.000000000', 'SYSTEM');
INSERT INTO TB_CMMN_DETAIL_CODE VALUES ('COM031', '2', '반복', '반복', 'Y', '2011-08-31 00:00:00.000000000', 'SYSTEM', '2011-08-31 00:00:00.000000000', 'SYSTEM');
INSERT INTO TB_CMMN_DETAIL_CODE VALUES ('COM031', '3', '연속', '연속', 'Y', '2011-08-31 00:00:00.000000000', 'SYSTEM', '2011-08-31 00:00:00.000000000', 'SYSTEM');
INSERT INTO TB_CMMN_DETAIL_CODE VALUES ('COM031', '4', '요일반복', '요일반복', 'Y', '2011-08-31 00:00:00.000000000', 'SYSTEM', '2011-08-31 00:00:00.000000000', 'SYSTEM');
INSERT INTO TB_CMMN_DETAIL_CODE VALUES ('COM017', 'RES001', '국경일', '국경일', 'Y', '2011-08-31 00:00:00.000000000', 'SYSTEM', '2011-08-31 00:00:00.000000000', 'SYSTEM');
INSERT INTO TB_CMMN_DETAIL_CODE VALUES ('COM017', 'RES002', '공휴일', '공휴일', 'Y', '2011-08-31 00:00:00.000000000', 'SYSTEM', '2011-08-31 00:00:00.000000000', 'SYSTEM');
INSERT INTO TB_CMMN_DETAIL_CODE VALUES ('COM017', 'RES003', '기념일', '기념일', 'Y', '2011-08-31 00:00:00.000000000', 'SYSTEM', '2011-08-31 00:00:00.000000000', 'SYSTEM');
INSERT INTO TB_RESTDE (RESTDE_NO, RESTDE_DE, RESTDE_NM, RESTDE_DC, RESTDE_SE_CODE, FRST_REGIST_PNTTM, FRST_REGISTER_ID, LAST_UPDT_PNTTM, LAST_UPDUSR_ID) VALUES (1, '20260101', '신정', '새해 첫날', 'RES002', '2026-01-01 00:00:00.000000000', 'SYSTEM', NULL, NULL);
INSERT INTO TB_RESTDE (RESTDE_NO, RESTDE_DE, RESTDE_NM, RESTDE_DC, RESTDE_SE_CODE, FRST_REGIST_PNTTM, FRST_REGISTER_ID, LAST_UPDT_PNTTM, LAST_UPDUSR_ID) VALUES (2, '20260301', '삼일절', '3.1절', 'RES001', '2026-01-01 00:00:00.000000000', 'SYSTEM', NULL, NULL);
INSERT INTO TB_RESTDE (RESTDE_NO, RESTDE_DE, RESTDE_NM, RESTDE_DC, RESTDE_SE_CODE, FRST_REGIST_PNTTM, FRST_REGISTER_ID, LAST_UPDT_PNTTM, LAST_UPDUSR_ID) VALUES (3, '20260505', '어린이날', '어린이날', 'RES002', '2026-01-01 00:00:00.000000000', 'SYSTEM', NULL, NULL);
INSERT INTO TB_RESTDE (RESTDE_NO, RESTDE_DE, RESTDE_NM, RESTDE_DC, RESTDE_SE_CODE, FRST_REGIST_PNTTM, FRST_REGISTER_ID, LAST_UPDT_PNTTM, LAST_UPDUSR_ID) VALUES (4, '20260606', '현충일', '현충일', 'RES003', '2026-01-01 00:00:00.000000000', 'SYSTEM', NULL, NULL);
INSERT INTO TB_RESTDE (RESTDE_NO, RESTDE_DE, RESTDE_NM, RESTDE_DC, RESTDE_SE_CODE, FRST_REGIST_PNTTM, FRST_REGISTER_ID, LAST_UPDT_PNTTM, LAST_UPDUSR_ID) VALUES (5, '20260815', '광복절', '광복절', 'RES001', '2026-01-01 00:00:00.000000000', 'SYSTEM', NULL, NULL);
INSERT INTO TB_ORGNZT_INFO (ORGNZT_ID, ORGNZT_NM, ORGNZT_DC, FRST_REGIST_PNTTM, FRST_REGISTER_ID, LAST_UPDT_PNTTM, LAST_UPDUSR_ID) VALUES ('ORGNZT_0000000000000', '기본조직', '기본조직', '2011-08-31 00:00:00.000000000', 'SYSTEM', '2011-08-31 00:00:00.000000000', 'SYSTEM');
INSERT INTO TB_AUTHOR_GROUP_INFO (GROUP_ID, GROUP_NM, GROUP_CREAT_DE, GROUP_DC, FRST_REGIST_PNTTM, FRST_REGISTER_ID, LAST_UPDT_PNTTM, LAST_UPDUSR_ID) VALUES ('GROUP_00000000000000', 'ROLE_ADMIN', '2024-07-31', '관리자 그룹입니다', '2024-07-31 00:00:00.000000000', 'SYSTEM', '2024-07-31 00:00:00.000000000', 'SYSTEM');
INSERT INTO TB_AUTHOR_GROUP_INFO (GROUP_ID, GROUP_NM, GROUP_CREAT_DE, GROUP_DC, FRST_REGIST_PNTTM, FRST_REGISTER_ID, LAST_UPDT_PNTTM, LAST_UPDUSR_ID) VALUES ('GROUP_00000000000001', 'ROLE_USER', '2024-07-31', '사용자 그룹입니다', '2024-07-31 00:00:00.000000000', 'SYSTEM', '2024-07-31 00:00:00.000000000', 'SYSTEM');
INSERT INTO TB_EMPLYR_INFO (EMPLYR_ID, ORGNZT_ID, USER_NM, PASSWORD, EMPL_NO, IHIDNUM, SEXDSTN_CODE, BRTHDY, FXNUM, HOUSE_ADRES, PASSWORD_HINT, PASSWORD_CNSR, HOUSE_END_TELNO, AREA_NO, DETAIL_ADRES, ZIP, OFFM_TELNO, MBTLNUM, EMAIL_ADRES, OFCPS_NM, HOUSE_MIDDLE_TELNO, GROUP_ID, PSTINST_CODE, EMPLYR_STTUS_CODE, ESNTL_ID, CRTFC_DN_VALUE, SBSCRB_DE, OCCP_TY, FRST_REGIST_PNTTM, FRST_REGISTER_ID, LAST_UPDT_PNTTM, LAST_UPDUSR_ID) VALUES ('admin', 'ORGNZT_0000000000000', '관리자', 'JfQ7FIatlaE5jj7rPYO8QBABX8yb7bNbQy4AKY1QIfc=', '', '', 'F', '', '', '관리자 주소', '', '', '', '', '', '', '', '', '', '', '', 'GROUP_00000000000000', '00000000', 'P', 'USRCNFRM_00000000000', '', '2011-08-31 00:00:00.000000000', '03', '2011-08-31 00:00:00.000000000', 'SYSTEM', '2011-08-31 00:00:00.000000000', 'SYSTEM');
INSERT INTO TB_EMPLYR_INFO (EMPLYR_ID, ORGNZT_ID, USER_NM, PASSWORD, EMPL_NO, IHIDNUM, SEXDSTN_CODE, BRTHDY, FXNUM, HOUSE_ADRES, PASSWORD_HINT, PASSWORD_CNSR, HOUSE_END_TELNO, AREA_NO, DETAIL_ADRES, ZIP, OFFM_TELNO, MBTLNUM, EMAIL_ADRES, OFCPS_NM, HOUSE_MIDDLE_TELNO, GROUP_ID, PSTINST_CODE, EMPLYR_STTUS_CODE, ESNTL_ID, CRTFC_DN_VALUE, SBSCRB_DE, OCCP_TY, FRST_REGIST_PNTTM, FRST_REGISTER_ID, LAST_UPDT_PNTTM, LAST_UPDUSR_ID) VALUES ('user', 'ORGNZT_0000000000000', '사용자', 'CgQblGLKpKMbrDVn4Lbm/ZEAeH2yq0M9lvbReMq/zpA=', '', '', 'F', '', '', '사용자 주소', '', '', '', '', '', '', '', '', '', '', '', 'GROUP_00000000000001', '00000000', 'P', 'USRCNFRM_00000000001', '', '2011-08-31 00:00:00.000000000', '01', '2011-08-31 00:00:00.000000000', 'SYSTEM', '2011-08-31 00:00:00.000000000', 'SYSTEM');
INSERT INTO TB_BBS_MASTER VALUES ('BBSMSTR_AAAAAAAAAAAA', '공지사항', '공지사항게시판', 'BBST03', 'BBSA03', 'Y', 'Y', 2, 5242880, 'Y', 'TMPLAT_BOARD_DEFAULT', '2011-08-31 12:00:00.000000000', 'USRCNFRM_00000000000', '2011-08-31 12:00:00.000000000', 'USRCNFRM_00000000000');
INSERT INTO TB_BBS_MASTER VALUES ('BBSMSTR_BBBBBBBBBBBB', '갤러리', '갤러리게시판', 'BBST01', 'BBSA02', 'Y', 'Y', 2, 5242880, 'Y', 'TMPLAT_BOARD_DEFAULT', '2011-08-31 12:00:00.000000000', 'USRCNFRM_00000000000', '2011-08-31 12:00:00.000000000', 'USRCNFRM_00000000000');
INSERT INTO TB_BBS_MASTER VALUES ('BBSMSTR_CCCCCCCCCCCC', '자료실', '자료실게시판', 'BBST01', 'BBSA03', 'Y', 'Y', 2, 5242880, 'Y', 'TMPLAT_BOARD_DEFAULT', '2011-08-31 12:00:00.000000000', 'USRCNFRM_00000000000', '2011-08-31 12:00:00.000000000', 'USRCNFRM_00000000000');
INSERT INTO TB_BBS_USE VALUES ('BBSMSTR_AAAAAAAAAAAA', 'SYSTEM_DEFAULT_BOARD', 'Y', 'REGC01', '2011-08-31 12:00:00.000000000', 'USRCNFRM_00000000000', '2011-08-31 12:00:00.000000000', 'USRCNFRM_00000000000');
INSERT INTO TB_BBS_USE VALUES ('BBSMSTR_BBBBBBBBBBBB', 'SYSTEM_DEFAULT_BOARD', 'Y', 'REGC01', '2011-08-31 12:00:00.000000000', 'USRCNFRM_00000000000', '2011-08-31 12:00:00.000000000', 'USRCNFRM_00000000000');
INSERT INTO TB_BBS_USE VALUES ('BBSMSTR_CCCCCCCCCCCC', 'SYSTEM_DEFAULT_BOARD', 'Y', 'REGC01', '2011-08-31 12:00:00.000000000', 'USRCNFRM_00000000000', '2011-08-31 12:00:00.000000000', 'USRCNFRM_00000000000');
INSERT INTO TB_BBS (NTT_ID, BBS_ID, NTT_NO, NTT_SJ, NTT_CN, ANSWER_AT, PARNTSCTT_NO, ANSWER_LC, SORT_ORDR, RDCNT, USE_AT, NTCE_BGNDE, NTCE_ENDDE, NTCR_ID, NTCR_NM, PASSWORD, ATCH_FILE_ID, FRST_REGIST_PNTTM, FRST_REGISTER_ID, LAST_UPDT_PNTTM, LAST_UPDUSR_ID) VALUES (1, 'BBSMSTR_AAAAAAAAAAAA', 1, '홈페이지 샘플공지1', '홈페이지 샘플공지1', 'N', 0, 0, 2, 0, 'Y', '10000101', '99991231', '', '', '', null, '2011-08-31 12:00:00.000000000', 'USRCNFRM_00000000000', null, null);
INSERT INTO TB_BBS (NTT_ID, BBS_ID, NTT_NO, NTT_SJ, NTT_CN, ANSWER_AT, PARNTSCTT_NO, ANSWER_LC, SORT_ORDR, RDCNT, USE_AT, NTCE_BGNDE, NTCE_ENDDE, NTCR_ID, NTCR_NM, PASSWORD, ATCH_FILE_ID, FRST_REGIST_PNTTM, FRST_REGISTER_ID, LAST_UPDT_PNTTM, LAST_UPDUSR_ID) VALUES (2, 'BBSMSTR_AAAAAAAAAAAA', 2, '홈페이지 샘플공지2', '홈페이지 샘플공지2', 'N', 0, 0, 2, 0, 'Y', '10000101', '99991231', '', '', '', null, '2011-08-31 12:00:00.000000000', 'USRCNFRM_00000000000', null, null);
INSERT INTO TB_BBS (NTT_ID, BBS_ID, NTT_NO, NTT_SJ, NTT_CN, ANSWER_AT, PARNTSCTT_NO, ANSWER_LC, SORT_ORDR, RDCNT, USE_AT, NTCE_BGNDE, NTCE_ENDDE, NTCR_ID, NTCR_NM, PASSWORD, ATCH_FILE_ID, FRST_REGIST_PNTTM, FRST_REGISTER_ID, LAST_UPDT_PNTTM, LAST_UPDUSR_ID) VALUES (3, 'BBSMSTR_AAAAAAAAAAAA', 3, '홈페이지 샘플공지3', '홈페이지 샘플공지3', 'N', 0, 0, 2, 0, 'Y', '10000101', '99991231', '', '', '', null, '2011-08-31 12:00:00.000000000', 'USRCNFRM_00000000000', null, null);
INSERT INTO TB_BBS (NTT_ID, BBS_ID, NTT_NO, NTT_SJ, NTT_CN, ANSWER_AT, PARNTSCTT_NO, ANSWER_LC, SORT_ORDR, RDCNT, USE_AT, NTCE_BGNDE, NTCE_ENDDE, NTCR_ID, NTCR_NM, PASSWORD, ATCH_FILE_ID, FRST_REGIST_PNTTM, FRST_REGISTER_ID, LAST_UPDT_PNTTM, LAST_UPDUSR_ID) VALUES (4, 'BBSMSTR_AAAAAAAAAAAA', 4, '홈페이지 샘플공지4', '홈페이지 샘플공지4', 'N', 0, 0, 2, 0, 'Y', '10000101', '99991231', '', '', '', null, '2011-08-31 12:00:00.000000000', 'USRCNFRM_00000000000', null, null);
INSERT INTO TB_BBS (NTT_ID, BBS_ID, NTT_NO, NTT_SJ, NTT_CN, ANSWER_AT, PARNTSCTT_NO, ANSWER_LC, SORT_ORDR, RDCNT, USE_AT, NTCE_BGNDE, NTCE_ENDDE, NTCR_ID, NTCR_NM, PASSWORD, ATCH_FILE_ID, FRST_REGIST_PNTTM, FRST_REGISTER_ID, LAST_UPDT_PNTTM, LAST_UPDUSR_ID) VALUES (5, 'BBSMSTR_AAAAAAAAAAAA', 5, '홈페이지 샘플공지5', '홈페이지 샘플공지5', 'N', 0, 0, 2, 0, 'Y', '10000101', '99991231', '', '', '', null, '2011-08-31 12:00:00.000000000', 'USRCNFRM_00000000000', null, null);
INSERT INTO TB_BBS (NTT_ID, BBS_ID, NTT_NO, NTT_SJ, NTT_CN, ANSWER_AT, PARNTSCTT_NO, ANSWER_LC, SORT_ORDR, RDCNT, USE_AT, NTCE_BGNDE, NTCE_ENDDE, NTCR_ID, NTCR_NM, PASSWORD, ATCH_FILE_ID, FRST_REGIST_PNTTM, FRST_REGISTER_ID, LAST_UPDT_PNTTM, LAST_UPDUSR_ID) VALUES (6, 'BBSMSTR_BBBBBBBBBBBB', 1, '홈페이지 샘플게시1', '홈페이지 샘플게시1', 'N', 0, 0, 2, 0, 'Y', '10000101', '99991231', '', '', '', null, '2011-08-31 12:00:00.000000000', 'USRCNFRM_00000000000', null, null);
INSERT INTO TB_BBS (NTT_ID, BBS_ID, NTT_NO, NTT_SJ, NTT_CN, ANSWER_AT, PARNTSCTT_NO, ANSWER_LC, SORT_ORDR, RDCNT, USE_AT, NTCE_BGNDE, NTCE_ENDDE, NTCR_ID, NTCR_NM, PASSWORD, ATCH_FILE_ID, FRST_REGIST_PNTTM, FRST_REGISTER_ID, LAST_UPDT_PNTTM, LAST_UPDUSR_ID) VALUES (7, 'BBSMSTR_BBBBBBBBBBBB', 2, '홈페이지 샘플게시2', '홈페이지 샘플게시2', 'N', 0, 0, 2, 0, 'Y', '10000101', '99991231', '', '', '', null, '2011-08-31 12:00:00.000000000', 'USRCNFRM_00000000000', null, null);
INSERT INTO TB_BBS (NTT_ID, BBS_ID, NTT_NO, NTT_SJ, NTT_CN, ANSWER_AT, PARNTSCTT_NO, ANSWER_LC, SORT_ORDR, RDCNT, USE_AT, NTCE_BGNDE, NTCE_ENDDE, NTCR_ID, NTCR_NM, PASSWORD, ATCH_FILE_ID, FRST_REGIST_PNTTM, FRST_REGISTER_ID, LAST_UPDT_PNTTM, LAST_UPDUSR_ID) VALUES (8, 'BBSMSTR_BBBBBBBBBBBB', 3, '홈페이지 샘플게시3', '홈페이지 샘플게시3', 'N', 0, 0, 2, 0, 'Y', '10000101', '99991231', '', '', '', null, '2011-08-31 12:00:00.000000000', 'USRCNFRM_00000000000', null, null);
INSERT INTO TB_BBS (NTT_ID, BBS_ID, NTT_NO, NTT_SJ, NTT_CN, ANSWER_AT, PARNTSCTT_NO, ANSWER_LC, SORT_ORDR, RDCNT, USE_AT, NTCE_BGNDE, NTCE_ENDDE, NTCR_ID, NTCR_NM, PASSWORD, ATCH_FILE_ID, FRST_REGIST_PNTTM, FRST_REGISTER_ID, LAST_UPDT_PNTTM, LAST_UPDUSR_ID) VALUES (9, 'BBSMSTR_BBBBBBBBBBBB', 4, '홈페이지 샘플게시4', '홈페이지 샘플게시4', 'N', 0, 0, 2, 0, 'Y', '10000101', '99991231', '', '', '', null, '2011-08-31 12:00:00.000000000', 'USRCNFRM_00000000000', null, null);
INSERT INTO TB_BBS (NTT_ID, BBS_ID, NTT_NO, NTT_SJ, NTT_CN, ANSWER_AT, PARNTSCTT_NO, ANSWER_LC, SORT_ORDR, RDCNT, USE_AT, NTCE_BGNDE, NTCE_ENDDE, NTCR_ID, NTCR_NM, PASSWORD, ATCH_FILE_ID, FRST_REGIST_PNTTM, FRST_REGISTER_ID, LAST_UPDT_PNTTM, LAST_UPDUSR_ID) VALUES (10, 'BBSMSTR_BBBBBBBBBBBB', 5, '홈페이지 샘플게시5', '홈페이지 샘플게시5', 'N', 0, 0, 2, 0, 'Y', '10000101', '99991231', '', '', '', null, '2011-08-31 12:00:00.000000000', 'USRCNFRM_00000000000', null, null);
INSERT INTO TB_CMMN_CODE VALUES ('COM028', 'Q&A처리상태', 'Q&A 처리상태 구분', 'Y', 'LET', '2011-08-31 00:00:00.000000000', 'SYSTEM', '2011-08-31 00:00:00.000000000', 'SYSTEM');
INSERT INTO TB_CMMN_DETAIL_CODE VALUES ('COM028', '1', '접수', '접수', 'Y', '2011-08-31 00:00:00.000000000', 'SYSTEM', '2011-08-31 00:00:00.000000000', 'SYSTEM');
INSERT INTO TB_CMMN_DETAIL_CODE VALUES ('COM028', '2', '처리중', '처리중', 'Y', '2011-08-31 00:00:00.000000000', 'SYSTEM', '2011-08-31 00:00:00.000000000', 'SYSTEM');
INSERT INTO TB_CMMN_DETAIL_CODE VALUES ('COM028', '3', '처리완료', '처리완료', 'Y', '2011-08-31 00:00:00.000000000', 'SYSTEM', '2011-08-31 00:00:00.000000000', 'SYSTEM');
INSERT INTO COMTECOPSEQ VALUES ('NTT_ID', 10);
INSERT INTO COMTECOPSEQ VALUES ('FAQ_ID', 3);
INSERT INTO COMTECOPSEQ VALUES ('QA_ID', 3);
INSERT INTO TB_FAQ_INFO VALUES ('FAQ_0000000000000001', '회원가입은 어떻게 하나요?', '회원가입 절차가 궁금합니다.', '메인 화면 우측 상단의 회원가입 메뉴를 통해 가입하실 수 있습니다.', 5, null, '2024-07-31 00:00:00.000000000', 'admin', null, null);
INSERT INTO TB_FAQ_INFO VALUES ('FAQ_0000000000000002', '비밀번호를 잊어버렸어요.', '비밀번호 분실 시 어떻게 하나요?', '로그인 화면의 비밀번호 찾기를 이용하시면 임시 비밀번호가 발급됩니다.', 3, null, '2024-07-31 00:00:00.000000000', 'admin', null, null);
INSERT INTO TB_QA_INFO VALUES ('QA_00000000000000001', '서비스 이용 문의', '서비스 이용 시간이 어떻게 되나요?', '', '02', '1234', '5678', 'user@example.com', 'N', '홍길동', '20240731', 1, '3', '연중무휴 24시간 이용 가능합니다.', '20240801', '', '2024-07-31 00:00:00.000000000', 'user', null, null);
INSERT INTO TB_QA_INFO VALUES ('QA_00000000000000002', '환불 규정 문의', '환불은 어떻게 진행되나요?', '', '02', '2345', '6789', 'user2@example.com', 'N', '김철수', '20240801', 0, '1', null, null, null, '2024-08-01 00:00:00.000000000', 'user', null, null);
INSERT INTO TB_TMPLAT_INFO VALUES ('TMPLAT_BOARD_DEFAULT', '기본 게시판 템플릿', '/template/default.jsp', 'TMPT01', 'Y', '2011-08-31 00:00:00.000000000', 'SYSTEM', null, null);
INSERT INTO TB_GNRL_MBER (MBER_ID, PASSWORD, MBER_NM, MBER_STTUS, MBER_EMAIL_ADRES, GROUP_ID, SBSCRB_DE, ESNTL_ID, OCCP_TY, FRST_REGIST_PNTTM, FRST_REGISTER_ID) VALUES ('user1', 'gRFeMeIqWAGxl3UOwS16Ua1pOqAX7Mi8oDPL1QCpKLY=', '홍길동', 'P', 'user1@example.com', 'GROUP_00000000000001', '2024-07-31 00:00:00.000000000', 'USRCNFRM_00000000010', '01', '2024-07-31 00:00:00.000000000', 'SYSTEM');
INSERT INTO TB_GNRL_MBER (MBER_ID, PASSWORD, MBER_NM, MBER_STTUS, MBER_EMAIL_ADRES, GROUP_ID, SBSCRB_DE, ESNTL_ID, OCCP_TY, FRST_REGIST_PNTTM, FRST_REGISTER_ID) VALUES ('user2', 'j6s6YFd779dlzeg/JzfNGp8lpyNWyUBSwhlOgWgpszE=', '김영희', 'P', 'user2@example.com', 'GROUP_00000000000001', '2024-07-31 00:00:00.000000000', 'USRCNFRM_00000000011', '02', '2024-07-31 00:00:00.000000000', 'SYSTEM');
INSERT INTO TB_AUTHOR_INFO(AUTHOR_CODE,AUTHOR_NM,AUTHOR_DC,AUTHOR_CREAT_DE) VALUES ('ROLE_ADMIN','관리자','관리자','2011-08-11 15:31:59');
INSERT INTO TB_AUTHOR_INFO(AUTHOR_CODE,AUTHOR_NM,AUTHOR_DC,AUTHOR_CREAT_DE) VALUES ('ROLE_ANONYMOUS','오픈기능','오픈기능','2011-08-11 15:31:59');
INSERT INTO TB_AUTHOR_INFO(AUTHOR_CODE,AUTHOR_NM,AUTHOR_DC,AUTHOR_CREAT_DE) VALUES ('ROLE_USER_MEMBER','담당자','회원','2011-08-11 15:31:59');
INSERT INTO TB_ROLES_HIERARCHY(PARNTS_ROLE,CHLDRN_ROLE) VALUES ('ROLE_USER_MEMBER','ROLE_ADMIN');
INSERT INTO TB_ROLES_HIERARCHY(PARNTS_ROLE,CHLDRN_ROLE) VALUES ('ROLE_ANONYMOUS','ROLE_USER_MEMBER');
INSERT INTO TB_ROLE_INFO(ROLE_CODE,ROLE_NM,ROLE_PTTRN,ROLE_DC,ROLE_TY,ROLE_SORT,ROLE_CREAT_DE) VALUES ('cmm-uss-umt','cmm-uss-umt','/cmm/uss/umt/.*.do.*','아이디중복확인','url','1','2011-08-24 0:00');
INSERT INTO TB_ROLE_INFO(ROLE_CODE,ROLE_NM,ROLE_PTTRN,ROLE_DC,ROLE_TY,ROLE_SORT,ROLE_CREAT_DE) VALUES ('cop-bbs','cop-bbs','/cop/bbs/.*.do.*','게시판','url','2','2011-08-24 0:00');
INSERT INTO TB_ROLE_INFO(ROLE_CODE,ROLE_NM,ROLE_PTTRN,ROLE_DC,ROLE_TY,ROLE_SORT,ROLE_CREAT_DE) VALUES ('cop-com','cop-com','/cop/com/.*.do.*','게시판사용','url','3','2011-08-24 0:00');
INSERT INTO TB_ROLE_INFO(ROLE_CODE,ROLE_NM,ROLE_PTTRN,ROLE_DC,ROLE_TY,ROLE_SORT,ROLE_CREAT_DE) VALUES ('sec-gmt','sec-gmt','/sec/gmt/.*.do.*','그룹관리','url','4','2011-08-24 0:00');
INSERT INTO TB_ROLE_INFO(ROLE_CODE,ROLE_NM,ROLE_PTTRN,ROLE_DC,ROLE_TY,ROLE_SORT,ROLE_CREAT_DE) VALUES ('sec-ram','sec-ram','/sec/ram/.*.do.*','권한관리','url','5','2011-08-24 0:00');
INSERT INTO TB_ROLE_INFO(ROLE_CODE,ROLE_NM,ROLE_PTTRN,ROLE_DC,ROLE_TY,ROLE_SORT,ROLE_CREAT_DE) VALUES ('sec-rgm','sec-rgm','/sec/rgm/.*.do.*','권한그룹관리','url','6','2011-08-24 0:00');
INSERT INTO TB_ROLE_INFO(ROLE_CODE,ROLE_NM,ROLE_PTTRN,ROLE_DC,ROLE_TY,ROLE_SORT,ROLE_CREAT_DE) VALUES ('sec-rmt','sec-rmt','/sec/rmt/.*.do.*','롤관리','url','7','2011-08-24 0:00');
INSERT INTO TB_ROLE_INFO(ROLE_CODE,ROLE_NM,ROLE_PTTRN,ROLE_DC,ROLE_TY,ROLE_SORT,ROLE_CREAT_DE) VALUES ('uss-ion-bnr','uss-ion-bnr','/uss/ion/bnr/.*.do.*','배너관리','url','8','2011-08-24 0:00');
INSERT INTO TB_ROLE_INFO(ROLE_CODE,ROLE_NM,ROLE_PTTRN,ROLE_DC,ROLE_TY,ROLE_SORT,ROLE_CREAT_DE) VALUES ('uss-olh-faq','uss-olh-faq','/uss/olh/faq/.*.do.*','FAQ','url','9','2011-08-24 0:00');
INSERT INTO TB_ROLE_INFO(ROLE_CODE,ROLE_NM,ROLE_PTTRN,ROLE_DC,ROLE_TY,ROLE_SORT,ROLE_CREAT_DE) VALUES ('uss-olh-qna','uss-olh-qna','/uss/olh/qna/.*.do.*','QnA','url','10','2011-08-24 0:00');
INSERT INTO TB_ROLE_INFO(ROLE_CODE,ROLE_NM,ROLE_PTTRN,ROLE_DC,ROLE_TY,ROLE_SORT,ROLE_CREAT_DE) VALUES ('uss-olh-qnm','uss-olh-qnm','/uss/olh/qnm/.*.do.*','QnA답변','url','11','2011-08-24 0:00');
INSERT INTO TB_ROLE_INFO(ROLE_CODE,ROLE_NM,ROLE_PTTRN,ROLE_DC,ROLE_TY,ROLE_SORT,ROLE_CREAT_DE) VALUES ('uss-olp-qim','uss-olp-qim','/uss/olp/qim/.*.do.*','항목관리','url','12','2011-08-24 0:00');
INSERT INTO TB_ROLE_INFO(ROLE_CODE,ROLE_NM,ROLE_PTTRN,ROLE_DC,ROLE_TY,ROLE_SORT,ROLE_CREAT_DE) VALUES ('uss-olp-qmc','uss-olp-qmc','/uss/olp/qmc/.*.do.*','설문관리','url','13','2011-08-24 0:00');
INSERT INTO TB_ROLE_INFO(ROLE_CODE,ROLE_NM,ROLE_PTTRN,ROLE_DC,ROLE_TY,ROLE_SORT,ROLE_CREAT_DE) VALUES ('uss-olp-qnn','uss-olp-qnn','/uss/olp/qnn/.*.do.*','설문참여','url','14','2011-08-24 0:00');
INSERT INTO TB_ROLE_INFO(ROLE_CODE,ROLE_NM,ROLE_PTTRN,ROLE_DC,ROLE_TY,ROLE_SORT,ROLE_CREAT_DE) VALUES ('uss-olp-qqm','uss-olp-qqm','/uss/olp/qqm/.*.do.*','문항관리','url','15','2011-08-24 0:00');
INSERT INTO TB_ROLE_INFO(ROLE_CODE,ROLE_NM,ROLE_PTTRN,ROLE_DC,ROLE_TY,ROLE_SORT,ROLE_CREAT_DE) VALUES ('uss-olp-qri','uss-olp-qri','/uss/olp/qri/.*.do.*','설문조사','url','16','2011-08-24 0:00');
INSERT INTO TB_ROLE_INFO(ROLE_CODE,ROLE_NM,ROLE_PTTRN,ROLE_DC,ROLE_TY,ROLE_SORT,ROLE_CREAT_DE) VALUES ('uss-olp-qrm','uss-olp-qrm','/uss/olp/qrm/.*.do.*','응답자관리','url','17','2011-08-24 0:00');
INSERT INTO TB_ROLE_INFO(ROLE_CODE,ROLE_NM,ROLE_PTTRN,ROLE_DC,ROLE_TY,ROLE_SORT,ROLE_CREAT_DE) VALUES ('uss-olp-qtm','uss-olp-qtm','/uss/olp/qtm/.*.do.*','설문템플릿','url','18','2011-08-24 0:00');
INSERT INTO TB_ROLE_INFO(ROLE_CODE,ROLE_NM,ROLE_PTTRN,ROLE_DC,ROLE_TY,ROLE_SORT,ROLE_CREAT_DE) VALUES ('uss-sam-ipm','uss-sam-ipm','/uss/sam/ipm/.*.do.*','개인정보보호정책','url','19','2011-08-24 0:00');
INSERT INTO TB_ROLE_INFO(ROLE_CODE,ROLE_NM,ROLE_PTTRN,ROLE_DC,ROLE_TY,ROLE_SORT,ROLE_CREAT_DE) VALUES ('uss-sam-stp','uss-sam-stp','/uss/sam/stp/.*.do.*','약관','url','20','2011-08-24 0:00');
INSERT INTO TB_ROLE_INFO(ROLE_CODE,ROLE_NM,ROLE_PTTRN,ROLE_DC,ROLE_TY,ROLE_SORT,ROLE_CREAT_DE) VALUES ('uss-umt-cmm','uss-umt-cmm','/uss/umt/cmm/.*.do.*','일반회원가입신청','url','21','2011-08-24 0:00');
INSERT INTO TB_ROLE_INFO(ROLE_CODE,ROLE_NM,ROLE_PTTRN,ROLE_DC,ROLE_TY,ROLE_SORT,ROLE_CREAT_DE) VALUES ('uss-umt-mber','uss-umt-mber','/uss/umt/mber/.*.do.*','일반회원관리','url','22','2011-08-24 0:00');
INSERT INTO TB_AUTHOR_ROLE_RELATE(AUTHOR_CODE,ROLE_CODE,CREAT_DT) VALUES ('ROLE_ADMIN','cmm-uss-umt','2009-08-25 00:00:00');
INSERT INTO TB_AUTHOR_ROLE_RELATE(AUTHOR_CODE,ROLE_CODE,CREAT_DT) VALUES ('ROLE_ADMIN','sec-gmt','2009-08-25 00:00:00');
INSERT INTO TB_AUTHOR_ROLE_RELATE(AUTHOR_CODE,ROLE_CODE,CREAT_DT) VALUES ('ROLE_ADMIN','sec-ram','2009-08-25 00:00:00');
INSERT INTO TB_AUTHOR_ROLE_RELATE(AUTHOR_CODE,ROLE_CODE,CREAT_DT) VALUES ('ROLE_ADMIN','sec-rgm','2009-08-25 00:00:00');
INSERT INTO TB_AUTHOR_ROLE_RELATE(AUTHOR_CODE,ROLE_CODE,CREAT_DT) VALUES ('ROLE_ADMIN','sec-rmt','2009-08-25 00:00:00');
INSERT INTO TB_AUTHOR_ROLE_RELATE(AUTHOR_CODE,ROLE_CODE,CREAT_DT) VALUES ('ROLE_ADMIN','uss-umt-mber','2009-08-25 00:00:00');
INSERT INTO TB_AUTHOR_ROLE_RELATE(AUTHOR_CODE,ROLE_CODE,CREAT_DT) VALUES ('ROLE_ANONYMOUS','cop-bbs','2009-08-25 00:00:00');
INSERT INTO TB_AUTHOR_ROLE_RELATE(AUTHOR_CODE,ROLE_CODE,CREAT_DT) VALUES ('ROLE_ANONYMOUS','uss-olh-faq','2009-08-25 00:00:00');
INSERT INTO TB_AUTHOR_ROLE_RELATE(AUTHOR_CODE,ROLE_CODE,CREAT_DT) VALUES ('ROLE_ANONYMOUS','uss-olh-qna','2009-08-25 00:00:00');
INSERT INTO TB_AUTHOR_ROLE_RELATE(AUTHOR_CODE,ROLE_CODE,CREAT_DT) VALUES ('ROLE_ANONYMOUS','uss-olp-qnn','2009-08-25 00:00:00');
INSERT INTO TB_AUTHOR_ROLE_RELATE(AUTHOR_CODE,ROLE_CODE,CREAT_DT) VALUES ('ROLE_ANONYMOUS','uss-umt-cmm','2009-08-25 00:00:00');
INSERT INTO TB_AUTHOR_ROLE_RELATE(AUTHOR_CODE,ROLE_CODE,CREAT_DT) VALUES ('ROLE_USER_MEMBER','cop-com','2009-08-25 00:00:00');
INSERT INTO TB_AUTHOR_ROLE_RELATE(AUTHOR_CODE,ROLE_CODE,CREAT_DT) VALUES ('ROLE_USER_MEMBER','uss-ion-bnr','2009-08-25 00:00:00');
INSERT INTO TB_AUTHOR_ROLE_RELATE(AUTHOR_CODE,ROLE_CODE,CREAT_DT) VALUES ('ROLE_USER_MEMBER','uss-olh-qnm','2009-08-25 00:00:00');
INSERT INTO TB_AUTHOR_ROLE_RELATE(AUTHOR_CODE,ROLE_CODE,CREAT_DT) VALUES ('ROLE_USER_MEMBER','uss-olp-qim','2009-08-25 00:00:00');
INSERT INTO TB_AUTHOR_ROLE_RELATE(AUTHOR_CODE,ROLE_CODE,CREAT_DT) VALUES ('ROLE_USER_MEMBER','uss-olp-qmc','2009-08-25 00:00:00');
INSERT INTO TB_AUTHOR_ROLE_RELATE(AUTHOR_CODE,ROLE_CODE,CREAT_DT) VALUES ('ROLE_USER_MEMBER','uss-olp-qqm','2009-08-25 00:00:00');
INSERT INTO TB_AUTHOR_ROLE_RELATE(AUTHOR_CODE,ROLE_CODE,CREAT_DT) VALUES ('ROLE_USER_MEMBER','uss-olp-qri','2009-08-25 00:00:00');
INSERT INTO TB_AUTHOR_ROLE_RELATE(AUTHOR_CODE,ROLE_CODE,CREAT_DT) VALUES ('ROLE_USER_MEMBER','uss-olp-qrm','2009-08-25 00:00:00');
INSERT INTO TB_AUTHOR_ROLE_RELATE(AUTHOR_CODE,ROLE_CODE,CREAT_DT) VALUES ('ROLE_USER_MEMBER','uss-olp-qtm','2009-08-25 00:00:00');
INSERT INTO TB_AUTHOR_ROLE_RELATE(AUTHOR_CODE,ROLE_CODE,CREAT_DT) VALUES ('ROLE_USER_MEMBER','uss-sam-ipm','2009-08-25 00:00:00');
INSERT INTO TB_AUTHOR_ROLE_RELATE(AUTHOR_CODE,ROLE_CODE,CREAT_DT) VALUES ('ROLE_USER_MEMBER','uss-sam-stp','2009-08-25 00:00:00');
INSERT INTO TB_ZIP(ZIP, SN, CTPRVN_NM, SIGNGU_NM, EMD_NM, LI_BULD_NM, LNBR_DONG_HO, FRST_REGIST_PNTTM, FRST_REGISTER_ID, LAST_UPDT_PNTTM, LAST_UPDUSR_ID) VALUES ('100775',7381,'서울','중구','무교동','한국정보화진흥원','',SYSDATE(),'SYSTEM',SYSDATE(),'SYSTEM');
INSERT INTO TB_BANNER(BANNER_ID,BANNER_NM,LINK_URL,BANNER_IMAGE,BANNER_DC,REFLCT_AT,FRST_REGISTER_ID,FRST_REGIST_PNTTM,BANNER_IMAGE_FILE,SORT_ORDR,BANNER_TY) VALUES ('BANNER_0000000000001','전자정부 배너','https://www.egovframe.go.kr','banner01.png','메인 상단 배너','Y','admin','2024-07-31 00:00:00','banner01.png',1,'MAIN');
INSERT INTO TB_BANNER(BANNER_ID,BANNER_NM,LINK_URL,BANNER_IMAGE,BANNER_DC,REFLCT_AT,FRST_REGISTER_ID,FRST_REGIST_PNTTM,BANNER_IMAGE_FILE,SORT_ORDR,BANNER_TY) VALUES ('BANNER_0000000000002','표준프레임워크 소개','https://www.egovframe.go.kr/home/sub.do?menuNo=41','banner02.png','메인 슬라이드 배너','Y','admin','2024-07-31 00:00:00','banner02.png',2,'MAIN');
INSERT INTO TB_BANNER(BANNER_ID,BANNER_NM,LINK_URL,BANNER_IMAGE,BANNER_DC,REFLCT_AT,FRST_REGISTER_ID,FRST_REGIST_PNTTM,BANNER_IMAGE_FILE,SORT_ORDR,BANNER_TY) VALUES ('BANNER_0000000000003','팝업 공지','https://www.egovframe.go.kr','banner01.png','페이지 진입 팝업 배너','Y','admin','2024-07-31 00:00:00','banner01.png',1,'POPUP');
INSERT INTO TB_BANNER(BANNER_ID,BANNER_NM,LINK_URL,BANNER_IMAGE,BANNER_DC,REFLCT_AT,FRST_REGISTER_ID,FRST_REGIST_PNTTM,BANNER_IMAGE_FILE,SORT_ORDR,BANNER_TY) VALUES ('BANNER_0000000000004','푸터 배너','https://www.egovframe.go.kr','banner02.png','푸터 슬라이드 배너','Y','admin','2024-07-31 00:00:00','banner02.png',1,'FOOTER');
INSERT INTO TB_STPLAT_INFO(USE_STPLAT_ID,USE_STPLAT_NM,USE_STPLAT_CN,INFO_PROVD_AGRE_CN,FRST_REGIST_PNTTM,FRST_REGISTER_ID) VALUES ('STPLAT_0000000000001','서비스 이용약관','본 약관은 전자정부 표준프레임워크 포털 서비스 이용에 관한 사항을 규정합니다.','개인정보 제공에 동의합니다.','2024-07-31 00:00:00','admin');
INSERT INTO TB_INDVDL_INFO_POLICY(INDVDL_INFO_POLICY_ID,INDVDL_INFO_POLICY_CN,INDVDL_INFO_POLICY_AGRE_AT,FRST_REGISTER_ID,FRST_REGIST_PNTTM,INDVDL_INFO_POLICY_NM) VALUES ('INDVDL_INFO_00000001','본 방침은 이용자의 개인정보 보호에 관한 사항을 규정합니다.','Y','admin','2024-07-31 00:00:00','개인정보처리방침');
INSERT INTO TB_QESTNR_INFO(QUSTNR_TMPLAT_ID,QESTNR_ID,QUSTNR_SJ,QUSTNR_PURPS,QUSTNR_WRITNG_GUIDANCE_CN,QUSTNR_TRGET,QUSTNR_BGNDE,QUSTNR_ENDDE,FRST_REGIST_PNTTM,FRST_REGISTER_ID) VALUES ('QTMPLA_000000000001','QESTNR_000000000001','포털 만족도 조사','포털 이용 만족도 파악','각 문항에 응답해 주세요.','00','20240701','20271231','2024-07-31 00:00:00','admin');

-- 설문 데모 문항/보기 (문항ID는 'QQESTN'으로 시작) — 응답 페이지 렌더/응답 동작 확인용
INSERT INTO TB_QUSTNR_QESITM (QESTNR_ID,QUSTNR_QESITM_ID,QUSTNR_TMPLAT_ID,QESTN_SN,QESTN_TY_CODE,QESTN_CN,MXMM_CHOISE_CO,FRST_REGIST_PNTTM,FRST_REGISTER_ID,LAST_UPDT_PNTTM,LAST_UPDUSR_ID) VALUES ('QESTNR_000000000001','QQESTN_0000000000001','QTMPLA_000000000001',1,'1','포털 전반에 대해 얼마나 만족하십니까?',1,'2024-07-31 00:00:00','admin','2024-07-31 00:00:00','admin');
INSERT INTO TB_QUSTNR_QESITM (QESTNR_ID,QUSTNR_QESITM_ID,QUSTNR_TMPLAT_ID,QESTN_SN,QESTN_TY_CODE,QESTN_CN,MXMM_CHOISE_CO,FRST_REGIST_PNTTM,FRST_REGISTER_ID,LAST_UPDT_PNTTM,LAST_UPDUSR_ID) VALUES ('QESTNR_000000000001','QQESTN_0000000000002','QTMPLA_000000000001',2,'1','주로 이용하는 서비스를 모두 선택해 주세요.',3,'2024-07-31 00:00:00','admin','2024-07-31 00:00:00','admin');
INSERT INTO TB_QUSTNR_QESITM (QESTNR_ID,QUSTNR_QESITM_ID,QUSTNR_TMPLAT_ID,QESTN_SN,QESTN_TY_CODE,QESTN_CN,MXMM_CHOISE_CO,FRST_REGIST_PNTTM,FRST_REGISTER_ID,LAST_UPDT_PNTTM,LAST_UPDUSR_ID) VALUES ('QESTNR_000000000001','QQESTN_0000000000003','QTMPLA_000000000001',3,'2','포털 개선을 위한 의견을 자유롭게 작성해 주세요.',NULL,'2024-07-31 00:00:00','admin','2024-07-31 00:00:00','admin');
INSERT INTO TB_QUSTNR_IEM (QUSTNR_TMPLAT_ID,QESTNR_ID,QUSTNR_QESITM_ID,QUSTNR_IEM_ID,IEM_SN,IEM_CN,ETC_ANSWER_AT,FRST_REGIST_PNTTM,FRST_REGISTER_ID,LAST_UPDT_PNTTM,LAST_UPDUSR_ID) VALUES ('QTMPLA_000000000001','QESTNR_000000000001','QQESTN_0000000000001','QESITM_00000000001',1,'매우 만족','N','2024-07-31 00:00:00','admin','2024-07-31 00:00:00','admin');
INSERT INTO TB_QUSTNR_IEM (QUSTNR_TMPLAT_ID,QESTNR_ID,QUSTNR_QESITM_ID,QUSTNR_IEM_ID,IEM_SN,IEM_CN,ETC_ANSWER_AT,FRST_REGIST_PNTTM,FRST_REGISTER_ID,LAST_UPDT_PNTTM,LAST_UPDUSR_ID) VALUES ('QTMPLA_000000000001','QESTNR_000000000001','QQESTN_0000000000001','QESITM_00000000002',2,'만족','N','2024-07-31 00:00:00','admin','2024-07-31 00:00:00','admin');
INSERT INTO TB_QUSTNR_IEM (QUSTNR_TMPLAT_ID,QESTNR_ID,QUSTNR_QESITM_ID,QUSTNR_IEM_ID,IEM_SN,IEM_CN,ETC_ANSWER_AT,FRST_REGIST_PNTTM,FRST_REGISTER_ID,LAST_UPDT_PNTTM,LAST_UPDUSR_ID) VALUES ('QTMPLA_000000000001','QESTNR_000000000001','QQESTN_0000000000001','QESITM_00000000003',3,'보통','N','2024-07-31 00:00:00','admin','2024-07-31 00:00:00','admin');
INSERT INTO TB_QUSTNR_IEM (QUSTNR_TMPLAT_ID,QESTNR_ID,QUSTNR_QESITM_ID,QUSTNR_IEM_ID,IEM_SN,IEM_CN,ETC_ANSWER_AT,FRST_REGIST_PNTTM,FRST_REGISTER_ID,LAST_UPDT_PNTTM,LAST_UPDUSR_ID) VALUES ('QTMPLA_000000000001','QESTNR_000000000001','QQESTN_0000000000002','QESITM_00000000005',1,'공지사항/게시판','N','2024-07-31 00:00:00','admin','2024-07-31 00:00:00','admin');
INSERT INTO TB_QUSTNR_IEM (QUSTNR_TMPLAT_ID,QESTNR_ID,QUSTNR_QESITM_ID,QUSTNR_IEM_ID,IEM_SN,IEM_CN,ETC_ANSWER_AT,FRST_REGIST_PNTTM,FRST_REGISTER_ID,LAST_UPDT_PNTTM,LAST_UPDUSR_ID) VALUES ('QTMPLA_000000000001','QESTNR_000000000001','QQESTN_0000000000002','QESITM_00000000006',2,'FAQ/Q&A','N','2024-07-31 00:00:00','admin','2024-07-31 00:00:00','admin');
INSERT INTO TB_QUSTNR_IEM (QUSTNR_TMPLAT_ID,QESTNR_ID,QUSTNR_QESITM_ID,QUSTNR_IEM_ID,IEM_SN,IEM_CN,ETC_ANSWER_AT,FRST_REGIST_PNTTM,FRST_REGISTER_ID,LAST_UPDT_PNTTM,LAST_UPDUSR_ID) VALUES ('QTMPLA_000000000001','QESTNR_000000000001','QQESTN_0000000000002','QESITM_00000000007',3,'기타','Y','2024-07-31 00:00:00','admin','2024-07-31 00:00:00','admin');
